"id_video","video","waktu","hari","sesi"
"134","videoDate\2023-12-30\20231230_172631.mp4","30-12-2023 17:26:31","Saturday","sore"
"940","videoDate\2023-12-30\20231230_170850.mp4","30-12-2023 17:08:50","Saturday","sore"
"518","videoDate\2023-12-30\20231230_170226.mp4","30-12-2023 17:02:26","Saturday","sore"
"693","videoDate\2023-12-30\20231230_165452.mp4","30-12-2023 16:54:52","Saturday","sore"
"352","videoDate\2023-12-30\20231230_162044.mp4","30-12-2023 16:20:44","Saturday","sore"
"784","videoDate\2023-12-30\20231230_143640.mp4","30-12-2023 14:36:40","Saturday","sore"
"875","videoDate\2023-12-30\20231230_133118.mp4","30-12-2023 13:31:18","Saturday","siang"
"124","videoDate\2023-12-30\20231230_125905.mp4","30-12-2023 12:59:05","Saturday","siang"
"669","videoDate\2023-12-30\20231230_114811.mp4","30-12-2023 11:48:11","Saturday","siang"
"852","videoDate\2023-12-30\20231230_114126.mp4","30-12-2023 11:41:26","Saturday","siang"
"533","videoDate\2023-12-30\20231230_110907.mp4","30-12-2023 11:09:07","Saturday","siang"
"150","videoDate\2023-12-30\20231230_105822.mp4","30-12-2023 10:58:22","Saturday","siang"
"243","videoDate\2023-12-30\20231230_105314.mp4","30-12-2023 10:53:14","Saturday","siang"
"3","videoDate\2023-12-30\20231230_100149.mp4","30-12-2023 10:01:49","Saturday","siang"
"404","videoDate\2023-12-30\20231230_072742.mp4","30-12-2023 07:27:42","Saturday","pagi"
"342","videoDate\2023-12-29\20231229_172842.mp4","29-12-2023 17:28:42","Friday","sore"
"338","videoDate\2023-12-29\20231229_155936.mp4","29-12-2023 15:59:36","Friday","sore"
"187","videoDate\2023-12-29\20231229_151553.mp4","29-12-2023 15:15:53","Friday","sore"
"188","videoDate\2023-12-29\20231229_143908.mp4","29-12-2023 14:39:08","Friday","sore"
"621","videoDate\2023-12-29\20231229_142449.mp4","29-12-2023 14:24:49","Friday","sore"
"355","videoDate\2023-12-29\20231229_133837.mp4","29-12-2023 13:38:37","Friday","siang"
"662","videoDate\2023-12-29\20231229_111816.mp4","29-12-2023 11:18:16","Friday","siang"
"77","videoDate\2023-12-29\20231229_091821.mp4","29-12-2023 09:18:21","Friday","pagi"
"664","videoDate\2023-12-29\20231229_090553.mp4","29-12-2023 09:05:53","Friday","pagi"
"420","videoDate\2023-12-29\20231229_085205.mp4","29-12-2023 08:52:05","Friday","pagi"
"12","videoDate\2023-12-29\20231229_084836.mp4","29-12-2023 08:48:36","Friday","pagi"
"162","videoDate\2023-12-29\20231229_084050.mp4","29-12-2023 08:40:50","Friday","pagi"
"273","videoDate\2023-12-29\20231229_082511.mp4","29-12-2023 08:25:11","Friday","pagi"
"953","videoDate\2023-12-29\20231229_070723.mp4","29-12-2023 07:07:23","Friday","pagi"
"125","videoDate\2023-12-28\20231228_174903.mp4","28-12-2023 17:49:03","Thursday","sore"
"494","videoDate\2023-12-28\20231228_172147.mp4","28-12-2023 17:21:47","Thursday","sore"
"295","videoDate\2023-12-28\20231228_171929.mp4","28-12-2023 17:19:29","Thursday","sore"
"805","videoDate\2023-12-28\20231228_171525.mp4","28-12-2023 17:15:25","Thursday","sore"
"133","videoDate\2023-12-28\20231228_163631.mp4","28-12-2023 16:36:31","Thursday","sore"
"513","videoDate\2023-12-28\20231228_162309.mp4","28-12-2023 16:23:09","Thursday","sore"
"945","videoDate\2023-12-28\20231228_161526.mp4","28-12-2023 16:15:26","Thursday","sore"
"999","videoDate\2023-12-28\20231228_161252.mp4","28-12-2023 16:12:52","Thursday","sore"
"631","videoDate\2023-12-28\20231228_160907.mp4","28-12-2023 16:09:07","Thursday","sore"
"148","videoDate\2023-12-28\20231228_154342.mp4","28-12-2023 15:43:42","Thursday","sore"
"831","videoDate\2023-12-28\20231228_143726.mp4","28-12-2023 14:37:26","Thursday","sore"
"193","videoDate\2023-12-28\20231228_143113.mp4","28-12-2023 14:31:13","Thursday","sore"
"822","videoDate\2023-12-28\20231228_124907.mp4","28-12-2023 12:49:07","Thursday","siang"
"632","videoDate\2023-12-28\20231228_122807.mp4","28-12-2023 12:28:07","Thursday","siang"
"256","videoDate\2023-12-28\20231228_115302.mp4","28-12-2023 11:53:02","Thursday","siang"
"381","videoDate\2023-12-28\20231228_113207.mp4","28-12-2023 11:32:07","Thursday","siang"
"122","videoDate\2023-12-28\20231228_104718.mp4","28-12-2023 10:47:18","Thursday","siang"
"266","videoDate\2023-12-28\20231228_102808.mp4","28-12-2023 10:28:08","Thursday","siang"
"590","videoDate\2023-12-28\20231228_095237.mp4","28-12-2023 09:52:37","Thursday","pagi"
"583","videoDate\2023-12-28\20231228_095157.mp4","28-12-2023 09:51:57","Thursday","pagi"
"457","videoDate\2023-12-28\20231228_090816.mp4","28-12-2023 09:08:16","Thursday","pagi"
"80","videoDate\2023-12-28\20231228_084752.mp4","28-12-2023 08:47:52","Thursday","pagi"
"330","videoDate\2023-12-28\20231228_080308.mp4","28-12-2023 08:03:08","Thursday","pagi"
"676","videoDate\2023-12-28\20231228_074553.mp4","28-12-2023 07:45:53","Thursday","pagi"
"356","videoDate\2023-12-28\20231228_073849.mp4","28-12-2023 07:38:49","Thursday","pagi"
"598","videoDate\2023-12-27\20231227_154150.mp4","27-12-2023 15:41:50","Wednesday","sore"
"900","videoDate\2023-12-27\20231227_145320.mp4","27-12-2023 14:53:20","Wednesday","sore"
"919","videoDate\2023-12-27\20231227_134042.mp4","27-12-2023 13:40:42","Wednesday","siang"
"285","videoDate\2023-12-27\20231227_133317.mp4","27-12-2023 13:33:17","Wednesday","siang"
"778","videoDate\2023-12-27\20231227_132745.mp4","27-12-2023 13:27:45","Wednesday","siang"
"936","videoDate\2023-12-27\20231227_131919.mp4","27-12-2023 13:19:19","Wednesday","siang"
"370","videoDate\2023-12-27\20231227_131827.mp4","27-12-2023 13:18:27","Wednesday","siang"
"305","videoDate\2023-12-27\20231227_124642.mp4","27-12-2023 12:46:42","Wednesday","siang"
"932","videoDate\2023-12-27\20231227_123617.mp4","27-12-2023 12:36:17","Wednesday","siang"
"288","videoDate\2023-12-27\20231227_110106.mp4","27-12-2023 11:01:06","Wednesday","siang"
"261","videoDate\2023-12-27\20231227_102953.mp4","27-12-2023 10:29:53","Wednesday","siang"
"863","videoDate\2023-12-27\20231227_100416.mp4","27-12-2023 10:04:16","Wednesday","siang"
"123","videoDate\2023-12-27\20231227_084010.mp4","27-12-2023 08:40:10","Wednesday","pagi"
"979","videoDate\2023-12-27\20231227_083628.mp4","27-12-2023 08:36:28","Wednesday","pagi"
"531","videoDate\2023-12-27\20231227_082006.mp4","27-12-2023 08:20:06","Wednesday","pagi"
"446","videoDate\2023-12-27\20231227_081317.mp4","27-12-2023 08:13:17","Wednesday","pagi"
"85","videoDate\2023-12-27\20231227_081054.mp4","27-12-2023 08:10:54","Wednesday","pagi"
"656","videoDate\2023-12-27\20231227_071113.mp4","27-12-2023 07:11:13","Wednesday","pagi"
"562","videoDate\2023-12-26\20231226_171002.mp4","26-12-2023 17:10:02","Tuesday","sore"
"86","videoDate\2023-12-26\20231226_165855.mp4","26-12-2023 16:58:55","Tuesday","sore"
"153","videoDate\2023-12-26\20231226_163419.mp4","26-12-2023 16:34:19","Tuesday","sore"
"670","videoDate\2023-12-26\20231226_155023.mp4","26-12-2023 15:50:23","Tuesday","sore"
"788","videoDate\2023-12-26\20231226_154500.mp4","26-12-2023 15:45:00","Tuesday","sore"
"196","videoDate\2023-12-26\20231226_150147.mp4","26-12-2023 15:01:47","Tuesday","sore"
"948","videoDate\2023-12-26\20231226_145316.mp4","26-12-2023 14:53:16","Tuesday","sore"
"914","videoDate\2023-12-26\20231226_142955.mp4","26-12-2023 14:29:55","Tuesday","sore"
"597","videoDate\2023-12-26\20231226_132048.mp4","26-12-2023 13:20:48","Tuesday","siang"
"873","videoDate\2023-12-26\20231226_131319.mp4","26-12-2023 13:13:19","Tuesday","siang"
"88","videoDate\2023-12-26\20231226_104852.mp4","26-12-2023 10:48:52","Tuesday","siang"
"884","videoDate\2023-12-26\20231226_092356.mp4","26-12-2023 09:23:56","Tuesday","pagi"
"43","videoDate\2023-12-26\20231226_085338.mp4","26-12-2023 08:53:38","Tuesday","pagi"
"769","videoDate\2023-12-26\20231226_081651.mp4","26-12-2023 08:16:51","Tuesday","pagi"
"726","videoDate\2023-12-26\20231226_074916.mp4","26-12-2023 07:49:16","Tuesday","pagi"
"889","videoDate\2023-12-26\20231226_073824.mp4","26-12-2023 07:38:24","Tuesday","pagi"
"916","videoDate\2023-12-25\20231225_164759.mp4","25-12-2023 16:47:59","Monday","sore"
"81","videoDate\2023-12-25\20231225_155414.mp4","25-12-2023 15:54:14","Monday","sore"
"433","videoDate\2023-12-25\20231225_143702.mp4","25-12-2023 14:37:02","Monday","sore"
"472","videoDate\2023-12-25\20231225_142544.mp4","25-12-2023 14:25:44","Monday","sore"
"772","videoDate\2023-12-25\20231225_133017.mp4","25-12-2023 13:30:17","Monday","siang"
"217","videoDate\2023-12-25\20231225_122153.mp4","25-12-2023 12:21:53","Monday","siang"
"304","videoDate\2023-12-25\20231225_115220.mp4","25-12-2023 11:52:20","Monday","siang"
"994","videoDate\2023-12-25\20231225_114818.mp4","25-12-2023 11:48:18","Monday","siang"
"536","videoDate\2023-12-25\20231225_093645.mp4","25-12-2023 09:36:45","Monday","pagi"
"452","videoDate\2023-12-25\20231225_092146.mp4","25-12-2023 09:21:46","Monday","pagi"
"705","videoDate\2023-12-25\20231225_084316.mp4","25-12-2023 08:43:16","Monday","pagi"
"819","videoDate\2023-12-25\20231225_083957.mp4","25-12-2023 08:39:57","Monday","pagi"
"357","videoDate\2023-12-25\20231225_082001.mp4","25-12-2023 08:20:01","Monday","pagi"
"714","videoDate\2023-12-25\20231225_081359.mp4","25-12-2023 08:13:59","Monday","pagi"
"29","videoDate\2023-12-25\20231225_080444.mp4","25-12-2023 08:04:44","Monday","pagi"
"706","videoDate\2023-12-24\20231224_175603.mp4","24-12-2023 17:56:03","Sunday","sore"
"385","videoDate\2023-12-24\20231224_174855.mp4","24-12-2023 17:48:55","Sunday","sore"
"817","videoDate\2023-12-24\20231224_174028.mp4","24-12-2023 17:40:28","Sunday","sore"
"329","videoDate\2023-12-24\20231224_173640.mp4","24-12-2023 17:36:40","Sunday","sore"
"411","videoDate\2023-12-24\20231224_170359.mp4","24-12-2023 17:03:59","Sunday","sore"
"593","videoDate\2023-12-24\20231224_155752.mp4","24-12-2023 15:57:52","Sunday","sore"
"346","videoDate\2023-12-24\20231224_155349.mp4","24-12-2023 15:53:49","Sunday","sore"
"394","videoDate\2023-12-24\20231224_150407.mp4","24-12-2023 15:04:07","Sunday","sore"
"661","videoDate\2023-12-24\20231224_142209.mp4","24-12-2023 14:22:09","Sunday","sore"
"570","videoDate\2023-12-24\20231224_134656.mp4","24-12-2023 13:46:56","Sunday","siang"
"754","videoDate\2023-12-24\20231224_124801.mp4","24-12-2023 12:48:01","Sunday","siang"
"911","videoDate\2023-12-24\20231224_121941.mp4","24-12-2023 12:19:41","Sunday","siang"
"790","videoDate\2023-12-24\20231224_112339.mp4","24-12-2023 11:23:39","Sunday","siang"
"47","videoDate\2023-12-24\20231224_111655.mp4","24-12-2023 11:16:55","Sunday","siang"
"595","videoDate\2023-12-24\20231224_110749.mp4","24-12-2023 11:07:49","Sunday","siang"
"672","videoDate\2023-12-24\20231224_104306.mp4","24-12-2023 10:43:06","Sunday","siang"
"951","videoDate\2023-12-24\20231224_104004.mp4","24-12-2023 10:40:04","Sunday","siang"
"487","videoDate\2023-12-24\20231224_101029.mp4","24-12-2023 10:10:29","Sunday","siang"
"734","videoDate\2023-12-24\20231224_090627.mp4","24-12-2023 09:06:27","Sunday","pagi"
"694","videoDate\2023-12-24\20231224_083234.mp4","24-12-2023 08:32:34","Sunday","pagi"
"841","videoDate\2023-12-24\20231224_082006.mp4","24-12-2023 08:20:06","Sunday","pagi"
"277","videoDate\2023-12-23\20231223_172651.mp4","23-12-2023 17:26:51","Saturday","sore"
"548","videoDate\2023-12-23\20231223_151115.mp4","23-12-2023 15:11:15","Saturday","sore"
"684","videoDate\2023-12-23\20231223_140722.mp4","23-12-2023 14:07:22","Saturday","sore"
"462","videoDate\2023-12-23\20231223_133217.mp4","23-12-2023 13:32:17","Saturday","siang"
"440","videoDate\2023-12-23\20231223_132459.mp4","23-12-2023 13:24:59","Saturday","siang"
"657","videoDate\2023-12-23\20231223_120413.mp4","23-12-2023 12:04:13","Saturday","siang"
"779","videoDate\2023-12-23\20231223_113024.mp4","23-12-2023 11:30:24","Saturday","siang"
"992","videoDate\2023-12-23\20231223_112125.mp4","23-12-2023 11:21:25","Saturday","siang"
"975","videoDate\2023-12-23\20231223_111539.mp4","23-12-2023 11:15:39","Saturday","siang"
"249","videoDate\2023-12-23\20231223_102608.mp4","23-12-2023 10:26:08","Saturday","siang"
"551","videoDate\2023-12-22\20231222_170925.mp4","22-12-2023 17:09:25","Friday","sore"
"567","videoDate\2023-12-22\20231222_170823.mp4","22-12-2023 17:08:23","Friday","sore"
"508","videoDate\2023-12-22\20231222_170626.mp4","22-12-2023 17:06:26","Friday","sore"
"633","videoDate\2023-12-22\20231222_163100.mp4","22-12-2023 16:31:00","Friday","sore"
"149","videoDate\2023-12-22\20231222_154719.mp4","22-12-2023 15:47:19","Friday","sore"
"556","videoDate\2023-12-22\20231222_152522.mp4","22-12-2023 15:25:22","Friday","sore"
"26","videoDate\2023-12-22\20231222_145310.mp4","22-12-2023 14:53:10","Friday","sore"
"987","videoDate\2023-12-22\20231222_143444.mp4","22-12-2023 14:34:44","Friday","sore"
"320","videoDate\2023-12-22\20231222_134012.mp4","22-12-2023 13:40:12","Friday","siang"
"768","videoDate\2023-12-22\20231222_125715.mp4","22-12-2023 12:57:15","Friday","siang"
"946","videoDate\2023-12-22\20231222_115331.mp4","22-12-2023 11:53:31","Friday","siang"
"910","videoDate\2023-12-22\20231222_112241.mp4","22-12-2023 11:22:41","Friday","siang"
"925","videoDate\2023-12-22\20231222_111324.mp4","22-12-2023 11:13:24","Friday","siang"
"22","videoDate\2023-12-22\20231222_102856.mp4","22-12-2023 10:28:56","Friday","siang"
"378","videoDate\2023-12-22\20231222_102341.mp4","22-12-2023 10:23:41","Friday","siang"
"623","videoDate\2023-12-22\20231222_100947.mp4","22-12-2023 10:09:47","Friday","siang"
"21","videoDate\2023-12-22\20231222_093128.mp4","22-12-2023 09:31:28","Friday","pagi"
"700","videoDate\2023-12-22\20231222_090931.mp4","22-12-2023 09:09:31","Friday","pagi"
"614","videoDate\2023-12-22\20231222_085645.mp4","22-12-2023 08:56:45","Friday","pagi"
"293","videoDate\2023-12-22\20231222_081630.mp4","22-12-2023 08:16:30","Friday","pagi"
"140","videoDate\2023-12-22\20231222_073521.mp4","22-12-2023 07:35:21","Friday","pagi"
"322","videoDate\2023-12-22\20231222_071704.mp4","22-12-2023 07:17:04","Friday","pagi"
"690","videoDate\2023-12-21\20231221_173818.mp4","21-12-2023 17:38:18","Thursday","sore"
"902","videoDate\2023-12-21\20231221_133029.mp4","21-12-2023 13:30:29","Thursday","siang"
"97","videoDate\2023-12-21\20231221_131414.mp4","21-12-2023 13:14:14","Thursday","siang"
"479","videoDate\2023-12-21\20231221_124710.mp4","21-12-2023 12:47:10","Thursday","siang"
"500","videoDate\2023-12-21\20231221_123234.mp4","21-12-2023 12:32:34","Thursday","siang"
"526","videoDate\2023-12-21\20231221_115714.mp4","21-12-2023 11:57:14","Thursday","siang"
"406","videoDate\2023-12-21\20231221_104020.mp4","21-12-2023 10:40:20","Thursday","siang"
"414","videoDate\2023-12-21\20231221_101842.mp4","21-12-2023 10:18:42","Thursday","siang"
"991","videoDate\2023-12-21\20231221_095619.mp4","21-12-2023 09:56:19","Thursday","pagi"
"887","videoDate\2023-12-21\20231221_085553.mp4","21-12-2023 08:55:53","Thursday","pagi"
"750","videoDate\2023-12-21\20231221_083501.mp4","21-12-2023 08:35:01","Thursday","pagi"
"527","videoDate\2023-12-20\20231220_173850.mp4","20-12-2023 17:38:50","Wednesday","sore"
"898","videoDate\2023-12-20\20231220_172244.mp4","20-12-2023 17:22:44","Wednesday","sore"
"607","videoDate\2023-12-20\20231220_164922.mp4","20-12-2023 16:49:22","Wednesday","sore"
"197","videoDate\2023-12-20\20231220_150240.mp4","20-12-2023 15:02:40","Wednesday","sore"
"897","videoDate\2023-12-20\20231220_144651.mp4","20-12-2023 14:46:51","Wednesday","sore"
"441","videoDate\2023-12-20\20231220_142509.mp4","20-12-2023 14:25:09","Wednesday","sore"
"723","videoDate\2023-12-20\20231220_133022.mp4","20-12-2023 13:30:22","Wednesday","siang"
"665","videoDate\2023-12-20\20231220_132909.mp4","20-12-2023 13:29:09","Wednesday","siang"
"69","videoDate\2023-12-20\20231220_125713.mp4","20-12-2023 12:57:13","Wednesday","siang"
"120","videoDate\2023-12-20\20231220_123043.mp4","20-12-2023 12:30:43","Wednesday","siang"
"630","videoDate\2023-12-20\20231220_115505.mp4","20-12-2023 11:55:05","Wednesday","siang"
"109","videoDate\2023-12-20\20231220_101512.mp4","20-12-2023 10:15:12","Wednesday","siang"
"742","videoDate\2023-12-20\20231220_085519.mp4","20-12-2023 08:55:19","Wednesday","pagi"
"64","videoDate\2023-12-20\20231220_083619.mp4","20-12-2023 08:36:19","Wednesday","pagi"
"91","videoDate\2023-12-20\20231220_081215.mp4","20-12-2023 08:12:15","Wednesday","pagi"
"811","videoDate\2023-12-20\20231220_073518.mp4","20-12-2023 07:35:18","Wednesday","pagi"
"96","videoDate\2023-12-19\20231219_175029.mp4","19-12-2023 17:50:29","Tuesday","sore"
"971","videoDate\2023-12-19\20231219_174937.mp4","19-12-2023 17:49:37","Tuesday","sore"
"237","videoDate\2023-12-19\20231219_170232.mp4","19-12-2023 17:02:32","Tuesday","sore"
"37","videoDate\2023-12-19\20231219_165904.mp4","19-12-2023 16:59:04","Tuesday","sore"
"702","videoDate\2023-12-19\20231219_163953.mp4","19-12-2023 16:39:53","Tuesday","sore"
"376","videoDate\2023-12-19\20231219_145141.mp4","19-12-2023 14:51:41","Tuesday","sore"
"145","videoDate\2023-12-19\20231219_141908.mp4","19-12-2023 14:19:08","Tuesday","sore"
"961","videoDate\2023-12-19\20231219_141522.mp4","19-12-2023 14:15:22","Tuesday","sore"
"115","videoDate\2023-12-19\20231219_140726.mp4","19-12-2023 14:07:26","Tuesday","sore"
"511","videoDate\2023-12-19\20231219_140254.mp4","19-12-2023 14:02:54","Tuesday","sore"
"28","videoDate\2023-12-19\20231219_121312.mp4","19-12-2023 12:13:12","Tuesday","siang"
"426","videoDate\2023-12-19\20231219_085327.mp4","19-12-2023 08:53:27","Tuesday","pagi"
"938","videoDate\2023-12-19\20231219_082228.mp4","19-12-2023 08:22:28","Tuesday","pagi"
"564","videoDate\2023-12-19\20231219_075932.mp4","19-12-2023 07:59:32","Tuesday","pagi"
"586","videoDate\2023-12-18\20231218_160609.mp4","18-12-2023 16:06:09","Monday","sore"
"189","videoDate\2023-12-18\20231218_153412.mp4","18-12-2023 15:34:12","Monday","sore"
"138","videoDate\2023-12-18\20231218_115717.mp4","18-12-2023 11:57:17","Monday","siang"
"980","videoDate\2023-12-18\20231218_111308.mp4","18-12-2023 11:13:08","Monday","siang"
"682","videoDate\2023-12-18\20231218_094227.mp4","18-12-2023 09:42:27","Monday","pagi"
"269","videoDate\2023-12-18\20231218_082442.mp4","18-12-2023 08:24:42","Monday","pagi"
"429","videoDate\2023-12-18\20231218_075439.mp4","18-12-2023 07:54:39","Monday","pagi"
"970","videoDate\2023-12-18\20231218_074710.mp4","18-12-2023 07:47:10","Monday","pagi"
"872","videoDate\2023-12-18\20231218_074344.mp4","18-12-2023 07:43:44","Monday","pagi"
"606","videoDate\2023-12-18\20231218_073645.mp4","18-12-2023 07:36:45","Monday","pagi"
"279","videoDate\2023-12-17\20231217_175945.mp4","17-12-2023 17:59:45","Sunday","sore"
"408","videoDate\2023-12-17\20231217_174954.mp4","17-12-2023 17:49:54","Sunday","sore"
"136","videoDate\2023-12-17\20231217_171731.mp4","17-12-2023 17:17:31","Sunday","sore"
"79","videoDate\2023-12-17\20231217_162744.mp4","17-12-2023 16:27:44","Sunday","sore"
"225","videoDate\2023-12-17\20231217_141446.mp4","17-12-2023 14:14:46","Sunday","sore"
"506","videoDate\2023-12-17\20231217_140414.mp4","17-12-2023 14:04:14","Sunday","sore"
"755","videoDate\2023-12-17\20231217_133221.mp4","17-12-2023 13:32:21","Sunday","siang"
"232","videoDate\2023-12-17\20231217_133129.mp4","17-12-2023 13:31:29","Sunday","siang"
"379","videoDate\2023-12-17\20231217_130440.mp4","17-12-2023 13:04:40","Sunday","siang"
"478","videoDate\2023-12-17\20231217_130327.mp4","17-12-2023 13:03:27","Sunday","siang"
"866","videoDate\2023-12-17\20231217_114549.mp4","17-12-2023 11:45:49","Sunday","siang"
"591","videoDate\2023-12-17\20231217_111548.mp4","17-12-2023 11:15:48","Sunday","siang"
"380","videoDate\2023-12-17\20231217_111522.mp4","17-12-2023 11:15:22","Sunday","siang"
"473","videoDate\2023-12-17\20231217_102339.mp4","17-12-2023 10:23:39","Sunday","siang"
"895","videoDate\2023-12-17\20231217_101428.mp4","17-12-2023 10:14:28","Sunday","siang"
"899","videoDate\2023-12-17\20231217_092701.mp4","17-12-2023 09:27:01","Sunday","pagi"
"396","videoDate\2023-12-17\20231217_090814.mp4","17-12-2023 09:08:14","Sunday","pagi"
"51","videoDate\2023-12-17\20231217_090039.mp4","17-12-2023 09:00:39","Sunday","pagi"
"523","videoDate\2023-12-16\20231216_174959.mp4","16-12-2023 17:49:59","Saturday","sore"
"341","videoDate\2023-12-16\20231216_164705.mp4","16-12-2023 16:47:05","Saturday","sore"
"594","videoDate\2023-12-16\20231216_162129.mp4","16-12-2023 16:21:29","Saturday","sore"
"522","videoDate\2023-12-16\20231216_153552.mp4","16-12-2023 15:35:52","Saturday","sore"
"165","videoDate\2023-12-16\20231216_152609.mp4","16-12-2023 15:26:09","Saturday","sore"
"499","videoDate\2023-12-16\20231216_150218.mp4","16-12-2023 15:02:18","Saturday","sore"
"666","videoDate\2023-12-16\20231216_150130.mp4","16-12-2023 15:01:30","Saturday","sore"
"63","videoDate\2023-12-16\20231216_145109.mp4","16-12-2023 14:51:09","Saturday","sore"
"48","videoDate\2023-12-16\20231216_144742.mp4","16-12-2023 14:47:42","Saturday","sore"
"960","videoDate\2023-12-16\20231216_142615.mp4","16-12-2023 14:26:15","Saturday","sore"
"519","videoDate\2023-12-16\20231216_141149.mp4","16-12-2023 14:11:49","Saturday","sore"
"198","videoDate\2023-12-16\20231216_133925.mp4","16-12-2023 13:39:25","Saturday","siang"
"840","videoDate\2023-12-16\20231216_132841.mp4","16-12-2023 13:28:41","Saturday","siang"
"964","videoDate\2023-12-16\20231216_125903.mp4","16-12-2023 12:59:03","Saturday","siang"
"200","videoDate\2023-12-16\20231216_122444.mp4","16-12-2023 12:24:44","Saturday","siang"
"851","videoDate\2023-12-16\20231216_112135.mp4","16-12-2023 11:21:35","Saturday","siang"
"525","videoDate\2023-12-16\20231216_100025.mp4","16-12-2023 10:00:25","Saturday","siang"
"722","videoDate\2023-12-16\20231216_073925.mp4","16-12-2023 07:39:25","Saturday","pagi"
"681","videoDate\2023-12-15\20231215_163758.mp4","15-12-2023 16:37:58","Friday","sore"
"474","videoDate\2023-12-15\20231215_163744.mp4","15-12-2023 16:37:44","Friday","sore"
"922","videoDate\2023-12-15\20231215_161250.mp4","15-12-2023 16:12:50","Friday","sore"
"250","videoDate\2023-12-15\20231215_152231.mp4","15-12-2023 15:22:31","Friday","sore"
"927","videoDate\2023-12-15\20231215_145507.mp4","15-12-2023 14:55:07","Friday","sore"
"843","videoDate\2023-12-15\20231215_141521.mp4","15-12-2023 14:15:21","Friday","sore"
"211","videoDate\2023-12-15\20231215_134104.mp4","15-12-2023 13:41:04","Friday","siang"
"689","videoDate\2023-12-15\20231215_131747.mp4","15-12-2023 13:17:47","Friday","siang"
"17","videoDate\2023-12-15\20231215_122319.mp4","15-12-2023 12:23:19","Friday","siang"
"422","videoDate\2023-12-15\20231215_121743.mp4","15-12-2023 12:17:43","Friday","siang"
"71","videoDate\2023-12-15\20231215_115831.mp4","15-12-2023 11:58:31","Friday","siang"
"265","videoDate\2023-12-15\20231215_114333.mp4","15-12-2023 11:43:33","Friday","siang"
"830","videoDate\2023-12-15\20231215_112404.mp4","15-12-2023 11:24:04","Friday","siang"
"174","videoDate\2023-12-15\20231215_095212.mp4","15-12-2023 09:52:12","Friday","pagi"
"296","videoDate\2023-12-15\20231215_083826.mp4","15-12-2023 08:38:26","Friday","pagi"
"668","videoDate\2023-12-15\20231215_081154.mp4","15-12-2023 08:11:54","Friday","pagi"
"101","videoDate\2023-12-15\20231215_080126.mp4","15-12-2023 08:01:26","Friday","pagi"
"588","videoDate\2023-12-15\20231215_072545.mp4","15-12-2023 07:25:45","Friday","pagi"
"709","videoDate\2023-12-15\20231215_072015.mp4","15-12-2023 07:20:15","Friday","pagi"
"339","videoDate\2023-12-15\20231215_071148.mp4","15-12-2023 07:11:48","Friday","pagi"
"804","videoDate\2023-12-14\20231214_175656.mp4","14-12-2023 17:56:56","Thursday","sore"
"467","videoDate\2023-12-14\20231214_170718.mp4","14-12-2023 17:07:18","Thursday","sore"
"663","videoDate\2023-12-14\20231214_155617.mp4","14-12-2023 15:56:17","Thursday","sore"
"94","videoDate\2023-12-14\20231214_140039.mp4","14-12-2023 14:00:39","Thursday","sore"
"260","videoDate\2023-12-14\20231214_124730.mp4","14-12-2023 12:47:30","Thursday","siang"
"559","videoDate\2023-12-14\20231214_123500.mp4","14-12-2023 12:35:00","Thursday","siang"
"810","videoDate\2023-12-14\20231214_123217.mp4","14-12-2023 12:32:17","Thursday","siang"
"820","videoDate\2023-12-14\20231214_122804.mp4","14-12-2023 12:28:04","Thursday","siang"
"402","videoDate\2023-12-14\20231214_121319.mp4","14-12-2023 12:13:19","Thursday","siang"
"233","videoDate\2023-12-14\20231214_115716.mp4","14-12-2023 11:57:16","Thursday","siang"
"846","videoDate\2023-12-14\20231214_114823.mp4","14-12-2023 11:48:23","Thursday","siang"
"815","videoDate\2023-12-14\20231214_114328.mp4","14-12-2023 11:43:28","Thursday","siang"
"696","videoDate\2023-12-14\20231214_094538.mp4","14-12-2023 09:45:38","Thursday","pagi"
"748","videoDate\2023-12-14\20231214_092924.mp4","14-12-2023 09:29:24","Thursday","pagi"
"228","videoDate\2023-12-14\20231214_090907.mp4","14-12-2023 09:09:07","Thursday","pagi"
"990","videoDate\2023-12-14\20231214_073147.mp4","14-12-2023 07:31:47","Thursday","pagi"
"880","videoDate\2023-12-13\20231213_171011.mp4","13-12-2023 17:10:11","Wednesday","sore"
"365","videoDate\2023-12-13\20231213_170405.mp4","13-12-2023 17:04:05","Wednesday","sore"
"431","videoDate\2023-12-13\20231213_165800.mp4","13-12-2023 16:58:00","Wednesday","sore"
"107","videoDate\2023-12-13\20231213_163413.mp4","13-12-2023 16:34:13","Wednesday","sore"
"449","videoDate\2023-12-13\20231213_140814.mp4","13-12-2023 14:08:14","Wednesday","sore"
"683","videoDate\2023-12-13\20231213_131705.mp4","13-12-2023 13:17:05","Wednesday","siang"
"803","videoDate\2023-12-13\20231213_120901.mp4","13-12-2023 12:09:01","Wednesday","siang"
"221","videoDate\2023-12-13\20231213_113816.mp4","13-12-2023 11:38:16","Wednesday","siang"
"618","videoDate\2023-12-13\20231213_113318.mp4","13-12-2023 11:33:18","Wednesday","siang"
"645","videoDate\2023-12-13\20231213_112227.mp4","13-12-2023 11:22:27","Wednesday","siang"
"340","videoDate\2023-12-13\20231213_102133.mp4","13-12-2023 10:21:33","Wednesday","siang"
"247","videoDate\2023-12-13\20231213_100322.mp4","13-12-2023 10:03:22","Wednesday","siang"
"871","videoDate\2023-12-13\20231213_091402.mp4","13-12-2023 09:14:02","Wednesday","pagi"
"363","videoDate\2023-12-12\20231212_171921.mp4","12-12-2023 17:19:21","Tuesday","sore"
"176","videoDate\2023-12-12\20231212_170115.mp4","12-12-2023 17:01:15","Tuesday","sore"
"309","videoDate\2023-12-12\20231212_164936.mp4","12-12-2023 16:49:36","Tuesday","sore"
"343","videoDate\2023-12-12\20231212_164043.mp4","12-12-2023 16:40:43","Tuesday","sore"
"802","videoDate\2023-12-12\20231212_163055.mp4","12-12-2023 16:30:55","Tuesday","sore"
"886","videoDate\2023-12-12\20231212_154317.mp4","12-12-2023 15:43:17","Tuesday","sore"
"844","videoDate\2023-12-12\20231212_150917.mp4","12-12-2023 15:09:17","Tuesday","sore"
"789","videoDate\2023-12-12\20231212_144722.mp4","12-12-2023 14:47:22","Tuesday","sore"
"549","videoDate\2023-12-12\20231212_144628.mp4","12-12-2023 14:46:28","Tuesday","sore"
"488","videoDate\2023-12-12\20231212_143118.mp4","12-12-2023 14:31:18","Tuesday","sore"
"397","videoDate\2023-12-12\20231212_140443.mp4","12-12-2023 14:04:43","Tuesday","sore"
"36","videoDate\2023-12-12\20231212_115057.mp4","12-12-2023 11:50:57","Tuesday","siang"
"369","videoDate\2023-12-12\20231212_111306.mp4","12-12-2023 11:13:06","Tuesday","siang"
"432","videoDate\2023-12-12\20231212_102428.mp4","12-12-2023 10:24:28","Tuesday","siang"
"159","videoDate\2023-12-12\20231212_101348.mp4","12-12-2023 10:13:48","Tuesday","siang"
"968","videoDate\2023-12-12\20231212_085456.mp4","12-12-2023 08:54:56","Tuesday","pagi"
"409","videoDate\2023-12-12\20231212_082449.mp4","12-12-2023 08:24:49","Tuesday","pagi"
"584","videoDate\2023-12-12\20231212_073742.mp4","12-12-2023 07:37:42","Tuesday","pagi"
"177","videoDate\2023-12-11\20231211_173437.mp4","11-12-2023 17:34:37","Monday","sore"
"847","videoDate\2023-12-11\20231211_164226.mp4","11-12-2023 16:42:26","Monday","sore"
"795","videoDate\2023-12-11\20231211_164049.mp4","11-12-2023 16:40:49","Monday","sore"
"764","videoDate\2023-12-11\20231211_142507.mp4","11-12-2023 14:25:07","Monday","sore"
"552","videoDate\2023-12-11\20231211_134419.mp4","11-12-2023 13:44:19","Monday","siang"
"765","videoDate\2023-12-11\20231211_120751.mp4","11-12-2023 12:07:51","Monday","siang"
"191","videoDate\2023-12-11\20231211_120434.mp4","11-12-2023 12:04:34","Monday","siang"
"823","videoDate\2023-12-11\20231211_120001.mp4","11-12-2023 12:00:01","Monday","siang"
"23","videoDate\2023-12-11\20231211_111837.mp4","11-12-2023 11:18:37","Monday","siang"
"613","videoDate\2023-12-11\20231211_103814.mp4","11-12-2023 10:38:14","Monday","siang"
"845","videoDate\2023-12-11\20231211_101900.mp4","11-12-2023 10:19:00","Monday","siang"
"993","videoDate\2023-12-11\20231211_101332.mp4","11-12-2023 10:13:32","Monday","siang"
"648","videoDate\2023-12-11\20231211_094258.mp4","11-12-2023 09:42:58","Monday","pagi"
"773","videoDate\2023-12-11\20231211_085226.mp4","11-12-2023 08:52:26","Monday","pagi"
"205","videoDate\2023-12-11\20231211_082720.mp4","11-12-2023 08:27:20","Monday","pagi"
"281","videoDate\2023-12-11\20231211_081729.mp4","11-12-2023 08:17:29","Monday","pagi"
"218","videoDate\2023-12-11\20231211_081650.mp4","11-12-2023 08:16:50","Monday","pagi"
"252","videoDate\2023-12-11\20231211_073211.mp4","11-12-2023 07:32:11","Monday","pagi"
"517","videoDate\2023-12-11\20231211_073109.mp4","11-12-2023 07:31:09","Monday","pagi"
"579","videoDate\2023-12-10\20231210_174449.mp4","10-12-2023 17:44:49","Sunday","sore"
"587","videoDate\2023-12-10\20231210_172545.mp4","10-12-2023 17:25:45","Sunday","sore"
"461","videoDate\2023-12-10\20231210_171754.mp4","10-12-2023 17:17:54","Sunday","sore"
"111","videoDate\2023-12-10\20231210_163727.mp4","10-12-2023 16:37:27","Sunday","sore"
"185","videoDate\2023-12-10\20231210_155529.mp4","10-12-2023 15:55:29","Sunday","sore"
"45","videoDate\2023-12-10\20231210_154023.mp4","10-12-2023 15:40:23","Sunday","sore"
"25","videoDate\2023-12-10\20231210_151657.mp4","10-12-2023 15:16:57","Sunday","sore"
"267","videoDate\2023-12-10\20231210_151535.mp4","10-12-2023 15:15:35","Sunday","sore"
"194","videoDate\2023-12-10\20231210_145913.mp4","10-12-2023 14:59:13","Sunday","sore"
"9","videoDate\2023-12-10\20231210_144245.mp4","10-12-2023 14:42:45","Sunday","sore"
"605","videoDate\2023-12-10\20231210_144212.mp4","10-12-2023 14:42:12","Sunday","sore"
"912","videoDate\2023-12-10\20231210_141650.mp4","10-12-2023 14:16:50","Sunday","sore"
"374","videoDate\2023-12-10\20231210_140010.mp4","10-12-2023 14:00:10","Sunday","sore"
"557","videoDate\2023-12-10\20231210_133634.mp4","10-12-2023 13:36:34","Sunday","siang"
"448","videoDate\2023-12-10\20231210_125208.mp4","10-12-2023 12:52:08","Sunday","siang"
"737","videoDate\2023-12-10\20231210_120701.mp4","10-12-2023 12:07:01","Sunday","siang"
"144","videoDate\2023-12-10\20231210_110447.mp4","10-12-2023 11:04:47","Sunday","siang"
"890","videoDate\2023-12-10\20231210_090913.mp4","10-12-2023 09:09:13","Sunday","pagi"
"801","videoDate\2023-12-10\20231210_082454.mp4","10-12-2023 08:24:54","Sunday","pagi"
"644","videoDate\2023-12-10\20231210_081104.mp4","10-12-2023 08:11:04","Sunday","pagi"
"619","videoDate\2023-12-10\20231210_080655.mp4","10-12-2023 08:06:55","Sunday","pagi"
"2","videoDate\2023-12-10\20231210_072136.mp4","10-12-2023 07:21:36","Sunday","pagi"
"70","videoDate\2023-12-10\20231210_071349.mp4","10-12-2023 07:13:49","Sunday","pagi"
"206","videoDate\2023-11-30\20231130_174423.mp4","30-11-2023 17:44:23","Thursday","sore"
"468","videoDate\2023-11-30\20231130_172913.mp4","30-11-2023 17:29:13","Thursday","sore"
"701","videoDate\2023-11-30\20231130_160337.mp4","30-11-2023 16:03:37","Thursday","sore"
"869","videoDate\2023-11-30\20231130_154525.mp4","30-11-2023 15:45:25","Thursday","sore"
"534","videoDate\2023-11-30\20231130_154240.mp4","30-11-2023 15:42:40","Thursday","sore"
"95","videoDate\2023-11-30\20231130_134503.mp4","30-11-2023 13:45:03","Thursday","siang"
"756","videoDate\2023-11-30\20231130_124955.mp4","30-11-2023 12:49:55","Thursday","siang"
"985","videoDate\2023-11-30\20231130_105501.mp4","30-11-2023 10:55:01","Thursday","siang"
"454","videoDate\2023-11-30\20231130_100859.mp4","30-11-2023 10:08:59","Thursday","siang"
"496","videoDate\2023-11-30\20231130_092108.mp4","30-11-2023 09:21:08","Thursday","pagi"
"438","videoDate\2023-11-30\20231130_090338.mp4","30-11-2023 09:03:38","Thursday","pagi"
"460","videoDate\2023-11-30\20231130_080433.mp4","30-11-2023 08:04:33","Thursday","pagi"
"358","videoDate\2023-11-29\20231129_160914.mp4","29-11-2023 16:09:14","Wednesday","sore"
"257","videoDate\2023-11-29\20231129_152152.mp4","29-11-2023 15:21:52","Wednesday","sore"
"976","videoDate\2023-11-29\20231129_145625.mp4","29-11-2023 14:56:25","Wednesday","sore"
"867","videoDate\2023-11-29\20231129_144337.mp4","29-11-2023 14:43:37","Wednesday","sore"
"20","videoDate\2023-11-29\20231129_141548.mp4","29-11-2023 14:15:48","Wednesday","sore"
"16","videoDate\2023-11-29\20231129_132429.mp4","29-11-2023 13:24:29","Wednesday","siang"
"642","videoDate\2023-11-29\20231129_123203.mp4","29-11-2023 12:32:03","Wednesday","siang"
"255","videoDate\2023-11-29\20231129_122938.mp4","29-11-2023 12:29:38","Wednesday","siang"
"359","videoDate\2023-11-29\20231129_121342.mp4","29-11-2023 12:13:42","Wednesday","siang"
"332","videoDate\2023-11-29\20231129_113008.mp4","29-11-2023 11:30:08","Wednesday","siang"
"758","videoDate\2023-11-29\20231129_112810.mp4","29-11-2023 11:28:10","Wednesday","siang"
"328","videoDate\2023-11-29\20231129_105703.mp4","29-11-2023 10:57:03","Wednesday","siang"
"210","videoDate\2023-11-29\20231129_091753.mp4","29-11-2023 09:17:53","Wednesday","pagi"
"611","videoDate\2023-11-28\20231128_174341.mp4","28-11-2023 17:43:41","Tuesday","sore"
"280","videoDate\2023-11-28\20231128_174105.mp4","28-11-2023 17:41:05","Tuesday","sore"
"208","videoDate\2023-11-28\20231128_172052.mp4","28-11-2023 17:20:52","Tuesday","sore"
"126","videoDate\2023-11-28\20231128_171619.mp4","28-11-2023 17:16:19","Tuesday","sore"
"131","videoDate\2023-11-28\20231128_164003.mp4","28-11-2023 16:40:03","Tuesday","sore"
"242","videoDate\2023-11-28\20231128_155407.mp4","28-11-2023 15:54:07","Tuesday","sore"
"733","videoDate\2023-11-28\20231128_153028.mp4","28-11-2023 15:30:28","Tuesday","sore"
"311","videoDate\2023-11-28\20231128_143213.mp4","28-11-2023 14:32:13","Tuesday","sore"
"509","videoDate\2023-11-28\20231128_143014.mp4","28-11-2023 14:30:14","Tuesday","sore"
"99","videoDate\2023-11-28\20231128_132726.mp4","28-11-2023 13:27:26","Tuesday","siang"
"400","videoDate\2023-11-28\20231128_131255.mp4","28-11-2023 13:12:55","Tuesday","siang"
"442","videoDate\2023-11-28\20231128_125613.mp4","28-11-2023 12:56:13","Tuesday","siang"
"653","videoDate\2023-11-28\20231128_124138.mp4","28-11-2023 12:41:38","Tuesday","siang"
"6","videoDate\2023-11-28\20231128_115831.mp4","28-11-2023 11:58:31","Tuesday","siang"
"316","videoDate\2023-11-28\20231128_115022.mp4","28-11-2023 11:50:22","Tuesday","siang"
"540","videoDate\2023-11-28\20231128_114902.mp4","28-11-2023 11:49:02","Tuesday","siang"
"816","videoDate\2023-11-28\20231128_113538.mp4","28-11-2023 11:35:38","Tuesday","siang"
"732","videoDate\2023-11-28\20231128_111116.mp4","28-11-2023 11:11:16","Tuesday","siang"
"760","videoDate\2023-11-28\20231128_104437.mp4","28-11-2023 10:44:37","Tuesday","siang"
"274","videoDate\2023-11-28\20231128_103505.mp4","28-11-2023 10:35:05","Tuesday","siang"
"415","videoDate\2023-11-28\20231128_100359.mp4","28-11-2023 10:03:59","Tuesday","siang"
"268","videoDate\2023-11-28\20231128_083755.mp4","28-11-2023 08:37:55","Tuesday","pagi"
"699","videoDate\2023-11-28\20231128_074653.mp4","28-11-2023 07:46:53","Tuesday","pagi"
"110","videoDate\2023-11-28\20231128_071153.mp4","28-11-2023 07:11:53","Tuesday","pagi"
"885","videoDate\2023-11-27\20231127_174504.mp4","27-11-2023 17:45:04","Monday","sore"
"50","videoDate\2023-11-27\20231127_173825.mp4","27-11-2023 17:38:25","Monday","sore"
"335","videoDate\2023-11-27\20231127_173152.mp4","27-11-2023 17:31:52","Monday","sore"
"201","videoDate\2023-11-27\20231127_164940.mp4","27-11-2023 16:49:40","Monday","sore"
"671","videoDate\2023-11-27\20231127_162552.mp4","27-11-2023 16:25:52","Monday","sore"
"312","videoDate\2023-11-27\20231127_162121.mp4","27-11-2023 16:21:21","Monday","sore"
"707","videoDate\2023-11-27\20231127_151127.mp4","27-11-2023 15:11:27","Monday","sore"
"947","videoDate\2023-11-27\20231127_141311.mp4","27-11-2023 14:13:11","Monday","sore"
"439","videoDate\2023-11-27\20231127_140533.mp4","27-11-2023 14:05:33","Monday","sore"
"476","videoDate\2023-11-27\20231127_135223.mp4","27-11-2023 13:52:23","Monday","siang"
"652","videoDate\2023-11-27\20231127_133525.mp4","27-11-2023 13:35:25","Monday","siang"
"860","videoDate\2023-11-27\20231127_115443.mp4","27-11-2023 11:54:43","Monday","siang"
"982","videoDate\2023-11-27\20231127_111451.mp4","27-11-2023 11:14:51","Monday","siang"
"19","videoDate\2023-11-27\20231127_110636.mp4","27-11-2023 11:06:36","Monday","siang"
"842","videoDate\2023-11-27\20231127_105136.mp4","27-11-2023 10:51:36","Monday","siang"
"634","videoDate\2023-11-27\20231127_100315.mp4","27-11-2023 10:03:15","Monday","siang"
"942","videoDate\2023-11-27\20231127_100007.mp4","27-11-2023 10:00:07","Monday","siang"
"485","videoDate\2023-11-27\20231127_092319.mp4","27-11-2023 09:23:19","Monday","pagi"
"222","videoDate\2023-11-27\20231127_090851.mp4","27-11-2023 09:08:51","Monday","pagi"
"602","videoDate\2023-11-27\20231127_082732.mp4","27-11-2023 08:27:32","Monday","pagi"
"202","videoDate\2023-11-26\20231126_174801.mp4","26-11-2023 17:48:01","Sunday","sore"
"934","videoDate\2023-11-26\20231126_172024.mp4","26-11-2023 17:20:24","Sunday","sore"
"879","videoDate\2023-11-26\20231126_165141.mp4","26-11-2023 16:51:41","Sunday","sore"
"75","videoDate\2023-11-26\20231126_165126.mp4","26-11-2023 16:51:26","Sunday","sore"
"310","videoDate\2023-11-26\20231126_164833.mp4","26-11-2023 16:48:33","Sunday","sore"
"103","videoDate\2023-11-26\20231126_161132.mp4","26-11-2023 16:11:32","Sunday","sore"
"336","videoDate\2023-11-26\20231126_152307.mp4","26-11-2023 15:23:07","Sunday","sore"
"862","videoDate\2023-11-26\20231126_140258.mp4","26-11-2023 14:02:58","Sunday","sore"
"112","videoDate\2023-11-26\20231126_134225.mp4","26-11-2023 13:42:25","Sunday","siang"
"673","videoDate\2023-11-26\20231126_132017.mp4","26-11-2023 13:20:17","Sunday","siang"
"541","videoDate\2023-11-26\20231126_101431.mp4","26-11-2023 10:14:31","Sunday","siang"
"275","videoDate\2023-11-26\20231126_091807.mp4","26-11-2023 09:18:07","Sunday","pagi"
"839","videoDate\2023-11-26\20231126_090053.mp4","26-11-2023 09:00:53","Sunday","pagi"
"787","videoDate\2023-11-26\20231126_083500.mp4","26-11-2023 08:35:00","Sunday","pagi"
"475","videoDate\2023-11-26\20231126_080805.mp4","26-11-2023 08:08:05","Sunday","pagi"
"428","videoDate\2023-11-26\20231126_074550.mp4","26-11-2023 07:45:50","Sunday","pagi"
"797","videoDate\2023-11-26\20231126_070751.mp4","26-11-2023 07:07:51","Sunday","pagi"
"958","videoDate\2023-11-25\20231125_174504.mp4","25-11-2023 17:45:04","Saturday","sore"
"888","videoDate\2023-11-25\20231125_173729.mp4","25-11-2023 17:37:29","Saturday","sore"
"40","videoDate\2023-11-25\20231125_165539.mp4","25-11-2023 16:55:39","Saturday","sore"
"307","videoDate\2023-11-25\20231125_164737.mp4","25-11-2023 16:47:37","Saturday","sore"
"32","videoDate\2023-11-25\20231125_152019.mp4","25-11-2023 15:20:19","Saturday","sore"
"87","videoDate\2023-11-25\20231125_151821.mp4","25-11-2023 15:18:21","Saturday","sore"
"60","videoDate\2023-11-25\20231125_145241.mp4","25-11-2023 14:52:41","Saturday","sore"
"375","videoDate\2023-11-25\20231125_144844.mp4","25-11-2023 14:48:44","Saturday","sore"
"746","videoDate\2023-11-25\20231125_143843.mp4","25-11-2023 14:38:43","Saturday","sore"
"231","videoDate\2023-11-25\20231125_134727.mp4","25-11-2023 13:47:27","Saturday","siang"
"349","videoDate\2023-11-25\20231125_133736.mp4","25-11-2023 13:37:36","Saturday","siang"
"826","videoDate\2023-11-25\20231125_115439.mp4","25-11-2023 11:54:39","Saturday","siang"
"996","videoDate\2023-11-25\20231125_115253.mp4","25-11-2023 11:52:53","Saturday","siang"
"92","videoDate\2023-11-25\20231125_115041.mp4","25-11-2023 11:50:41","Saturday","siang"
"981","videoDate\2023-11-25\20231125_104907.mp4","25-11-2023 10:49:07","Saturday","siang"
"679","videoDate\2023-11-25\20231125_103950.mp4","25-11-2023 10:39:50","Saturday","siang"
"412","videoDate\2023-11-25\20231125_100902.mp4","25-11-2023 10:09:02","Saturday","siang"
"175","videoDate\2023-11-25\20231125_094132.mp4","25-11-2023 09:41:32","Saturday","pagi"
"878","videoDate\2023-11-25\20231125_084725.mp4","25-11-2023 08:47:25","Saturday","pagi"
"977","videoDate\2023-11-25\20231125_081851.mp4","25-11-2023 08:18:51","Saturday","pagi"
"146","videoDate\2023-11-25\20231125_080051.mp4","25-11-2023 08:00:51","Saturday","pagi"
"333","videoDate\2023-11-25\20231125_074545.mp4","25-11-2023 07:45:45","Saturday","pagi"
"735","videoDate\2023-11-24\20231124_175544.mp4","24-11-2023 17:55:44","Friday","sore"
"892","videoDate\2023-11-24\20231124_171857.mp4","24-11-2023 17:18:57","Friday","sore"
"251","videoDate\2023-11-24\20231124_165906.mp4","24-11-2023 16:59:06","Friday","sore"
"838","videoDate\2023-11-24\20231124_165715.mp4","24-11-2023 16:57:15","Friday","sore"
"777","videoDate\2023-11-24\20231124_160346.mp4","24-11-2023 16:03:46","Friday","sore"
"471","videoDate\2023-11-24\20231124_153639.mp4","24-11-2023 15:36:39","Friday","sore"
"931","videoDate\2023-11-24\20231124_142640.mp4","24-11-2023 14:26:40","Friday","sore"
"229","videoDate\2023-11-24\20231124_134704.mp4","24-11-2023 13:47:04","Friday","siang"
"883","videoDate\2023-11-24\20231124_123421.mp4","24-11-2023 12:34:21","Friday","siang"
"301","videoDate\2023-11-24\20231124_120703.mp4","24-11-2023 12:07:03","Friday","siang"
"943","videoDate\2023-11-24\20231124_113608.mp4","24-11-2023 11:36:08","Friday","siang"
"918","videoDate\2023-11-24\20231124_111056.mp4","24-11-2023 11:10:56","Friday","siang"
"167","videoDate\2023-11-24\20231124_111043.mp4","24-11-2023 11:10:43","Friday","siang"
"166","videoDate\2023-11-24\20231124_105634.mp4","24-11-2023 10:56:34","Friday","siang"
"749","videoDate\2023-11-24\20231124_102737.mp4","24-11-2023 10:27:37","Friday","siang"
"121","videoDate\2023-11-24\20231124_094615.mp4","24-11-2023 09:46:15","Friday","pagi"
"169","videoDate\2023-11-24\20231124_090900.mp4","24-11-2023 09:09:00","Friday","pagi"
"82","videoDate\2023-11-24\20231124_085830.mp4","24-11-2023 08:58:30","Friday","pagi"
"963","videoDate\2023-11-24\20231124_084446.mp4","24-11-2023 08:44:46","Friday","pagi"
"806","videoDate\2023-11-24\20231124_074503.mp4","24-11-2023 07:45:03","Friday","pagi"
"516","videoDate\2023-11-24\20231124_072438.mp4","24-11-2023 07:24:38","Friday","pagi"
"490","videoDate\2023-11-24\20231124_070817.mp4","24-11-2023 07:08:17","Friday","pagi"
"827","videoDate\2023-11-23\20231123_165737.mp4","23-11-2023 16:57:37","Thursday","sore"
"130","videoDate\2023-11-23\20231123_160941.mp4","23-11-2023 16:09:41","Thursday","sore"
"857","videoDate\2023-11-23\20231123_130828.mp4","23-11-2023 13:08:28","Thursday","siang"
"984","videoDate\2023-11-23\20231123_125445.mp4","23-11-2023 12:54:45","Thursday","siang"
"486","videoDate\2023-11-23\20231123_115423.mp4","23-11-2023 11:54:23","Thursday","siang"
"207","videoDate\2023-11-23\20231123_112333.mp4","23-11-2023 11:23:33","Thursday","siang"
"139","videoDate\2023-11-23\20231123_105052.mp4","23-11-2023 10:50:52","Thursday","siang"
"362","videoDate\2023-11-23\20231123_090052.mp4","23-11-2023 09:00:52","Thursday","pagi"
"695","videoDate\2023-11-23\20231123_073909.mp4","23-11-2023 07:39:09","Thursday","pagi"
"240","videoDate\2023-11-22\20231122_173207.mp4","22-11-2023 17:32:07","Wednesday","sore"
"337","videoDate\2023-11-22\20231122_170859.mp4","22-11-2023 17:08:59","Wednesday","sore"
"377","videoDate\2023-11-22\20231122_170205.mp4","22-11-2023 17:02:05","Wednesday","sore"
"118","videoDate\2023-11-22\20231122_163748.mp4","22-11-2023 16:37:48","Wednesday","sore"
"401","videoDate\2023-11-22\20231122_162740.mp4","22-11-2023 16:27:40","Wednesday","sore"
"477","videoDate\2023-11-22\20231122_153147.mp4","22-11-2023 15:31:47","Wednesday","sore"
"949","videoDate\2023-11-22\20231122_144217.mp4","22-11-2023 14:42:17","Wednesday","sore"
"360","videoDate\2023-11-22\20231122_140259.mp4","22-11-2023 14:02:59","Wednesday","sore"
"318","videoDate\2023-11-22\20231122_123830.mp4","22-11-2023 12:38:30","Wednesday","siang"
"481","videoDate\2023-11-22\20231122_122649.mp4","22-11-2023 12:26:49","Wednesday","siang"
"929","videoDate\2023-11-22\20231122_103202.mp4","22-11-2023 10:32:02","Wednesday","siang"
"93","videoDate\2023-11-21\20231121_175924.mp4","21-11-2023 17:59:24","Tuesday","sore"
"575","videoDate\2023-11-21\20231121_175130.mp4","21-11-2023 17:51:30","Tuesday","sore"
"950","videoDate\2023-11-21\20231121_174520.mp4","21-11-2023 17:45:20","Tuesday","sore"
"566","videoDate\2023-11-21\20231121_171512.mp4","21-11-2023 17:15:12","Tuesday","sore"
"530","videoDate\2023-11-21\20231121_170644.mp4","21-11-2023 17:06:44","Tuesday","sore"
"495","videoDate\2023-11-21\20231121_164921.mp4","21-11-2023 16:49:21","Tuesday","sore"
"637","videoDate\2023-11-21\20231121_164414.mp4","21-11-2023 16:44:14","Tuesday","sore"
"859","videoDate\2023-11-21\20231121_164015.mp4","21-11-2023 16:40:15","Tuesday","sore"
"759","videoDate\2023-11-21\20231121_153504.mp4","21-11-2023 15:35:04","Tuesday","sore"
"181","videoDate\2023-11-21\20231121_152613.mp4","21-11-2023 15:26:13","Tuesday","sore"
"965","videoDate\2023-11-21\20231121_133507.mp4","21-11-2023 13:35:07","Tuesday","siang"
"650","videoDate\2023-11-21\20231121_133405.mp4","21-11-2023 13:34:05","Tuesday","siang"
"574","videoDate\2023-11-21\20231121_122244.mp4","21-11-2023 12:22:44","Tuesday","siang"
"775","videoDate\2023-11-21\20231121_121322.mp4","21-11-2023 12:13:22","Tuesday","siang"
"323","videoDate\2023-11-21\20231121_114748.mp4","21-11-2023 11:47:48","Tuesday","siang"
"245","videoDate\2023-11-21\20231121_111652.mp4","21-11-2023 11:16:52","Tuesday","siang"
"204","videoDate\2023-11-21\20231121_102403.mp4","21-11-2023 10:24:03","Tuesday","siang"
"55","videoDate\2023-11-21\20231121_101859.mp4","21-11-2023 10:18:59","Tuesday","siang"
"57","videoDate\2023-11-21\20231121_092330.mp4","21-11-2023 09:23:30","Tuesday","pagi"
"152","videoDate\2023-11-21\20231121_082953.mp4","21-11-2023 08:29:53","Tuesday","pagi"
"908","videoDate\2023-11-21\20231121_082306.mp4","21-11-2023 08:23:06","Tuesday","pagi"
"832","videoDate\2023-11-21\20231121_082127.mp4","21-11-2023 08:21:27","Tuesday","pagi"
"170","videoDate\2023-11-21\20231121_070312.mp4","21-11-2023 07:03:12","Tuesday","pagi"
"399","videoDate\2023-11-20\20231120_173105.mp4","20-11-2023 17:31:05","Monday","sore"
"628","videoDate\2023-11-20\20231120_172030.mp4","20-11-2023 17:20:30","Monday","sore"
"306","videoDate\2023-11-20\20231120_162819.mp4","20-11-2023 16:28:19","Monday","sore"
"66","videoDate\2023-11-20\20231120_162538.mp4","20-11-2023 16:25:38","Monday","sore"
"484","videoDate\2023-11-20\20231120_131411.mp4","20-11-2023 13:14:11","Monday","siang"
"639","videoDate\2023-11-20\20231120_125056.mp4","20-11-2023 12:50:56","Monday","siang"
"667","videoDate\2023-11-20\20231120_120003.mp4","20-11-2023 12:00:03","Monday","siang"
"324","videoDate\2023-11-20\20231120_114604.mp4","20-11-2023 11:46:04","Monday","siang"
"27","videoDate\2023-11-20\20231120_095522.mp4","20-11-2023 09:55:22","Monday","pagi"
"776","videoDate\2023-11-20\20231120_083917.mp4","20-11-2023 08:39:17","Monday","pagi"
"209","videoDate\2023-11-20\20231120_074125.mp4","20-11-2023 07:41:25","Monday","pagi"
"974","videoDate\2023-11-20\20231120_071913.mp4","20-11-2023 07:19:13","Monday","pagi"
"814","videoDate\2023-11-20\20231120_071021.mp4","20-11-2023 07:10:21","Monday","pagi"
"539","videoDate\2023-11-19\20231119_171210.mp4","19-11-2023 17:12:10","Sunday","sore"
"421","videoDate\2023-11-19\20231119_164838.mp4","19-11-2023 16:48:38","Sunday","sore"
"941","videoDate\2023-11-19\20231119_155208.mp4","19-11-2023 15:52:08","Sunday","sore"
"116","videoDate\2023-11-19\20231119_145147.mp4","19-11-2023 14:51:47","Sunday","sore"
"239","videoDate\2023-11-19\20231119_141259.mp4","19-11-2023 14:12:59","Sunday","sore"
"834","videoDate\2023-11-19\20231119_103338.mp4","19-11-2023 10:33:38","Sunday","siang"
"504","videoDate\2023-11-19\20231119_091713.mp4","19-11-2023 09:17:13","Sunday","pagi"
"290","videoDate\2023-11-19\20231119_085404.mp4","19-11-2023 08:54:04","Sunday","pagi"
"38","videoDate\2023-11-19\20231119_073913.mp4","19-11-2023 07:39:13","Sunday","pagi"
"909","videoDate\2023-11-19\20231119_073911.mp4","19-11-2023 07:39:11","Sunday","pagi"
"407","videoDate\2023-11-19\20231119_071739.mp4","19-11-2023 07:17:39","Sunday","pagi"
"818","videoDate\2023-11-18\20231118_171740.mp4","18-11-2023 17:17:40","Saturday","sore"
"104","videoDate\2023-11-18\20231118_171314.mp4","18-11-2023 17:13:14","Saturday","sore"
"629","videoDate\2023-11-18\20231118_170541.mp4","18-11-2023 17:05:41","Saturday","sore"
"923","videoDate\2023-11-18\20231118_170405.mp4","18-11-2023 17:04:05","Saturday","sore"
"172","videoDate\2023-11-18\20231118_161002.mp4","18-11-2023 16:10:02","Saturday","sore"
"906","videoDate\2023-11-18\20231118_144059.mp4","18-11-2023 14:40:59","Saturday","sore"
"730","videoDate\2023-11-18\20231118_143710.mp4","18-11-2023 14:37:10","Saturday","sore"
"190","videoDate\2023-11-18\20231118_140952.mp4","18-11-2023 14:09:52","Saturday","sore"
"713","videoDate\2023-11-18\20231118_140450.mp4","18-11-2023 14:04:50","Saturday","sore"
"913","videoDate\2023-11-18\20231118_134025.mp4","18-11-2023 13:40:25","Saturday","siang"
"698","videoDate\2023-11-18\20231118_132506.mp4","18-11-2023 13:25:06","Saturday","siang"
"373","videoDate\2023-11-18\20231118_120738.mp4","18-11-2023 12:07:38","Saturday","siang"
"812","videoDate\2023-11-18\20231118_105540.mp4","18-11-2023 10:55:40","Saturday","siang"
"212","videoDate\2023-11-18\20231118_101557.mp4","18-11-2023 10:15:57","Saturday","siang"
"809","videoDate\2023-11-18\20231118_100429.mp4","18-11-2023 10:04:29","Saturday","siang"
"821","videoDate\2023-11-18\20231118_093259.mp4","18-11-2023 09:32:59","Saturday","pagi"
"350","videoDate\2023-11-18\20231118_082445.mp4","18-11-2023 08:24:45","Saturday","pagi"
"753","videoDate\2023-11-18\20231118_081057.mp4","18-11-2023 08:10:57","Saturday","pagi"
"659","videoDate\2023-11-18\20231118_080142.mp4","18-11-2023 08:01:42","Saturday","pagi"
"8","videoDate\2023-11-18\20231118_074120.mp4","18-11-2023 07:41:20","Saturday","pagi"
"83","videoDate\2023-11-18\20231118_073109.mp4","18-11-2023 07:31:09","Saturday","pagi"
"609","videoDate\2023-11-17\20231117_170253.mp4","17-11-2023 17:02:53","Friday","sore"
"627","videoDate\2023-11-17\20231117_163520.mp4","17-11-2023 16:35:20","Friday","sore"
"72","videoDate\2023-11-17\20231117_150914.mp4","17-11-2023 15:09:14","Friday","sore"
"930","videoDate\2023-11-17\20231117_145943.mp4","17-11-2023 14:59:43","Friday","sore"
"223","videoDate\2023-11-17\20231117_143225.mp4","17-11-2023 14:32:25","Friday","sore"
"1000","videoDate\2023-11-17\20231117_142856.mp4","17-11-2023 14:28:56","Friday","sore"
"403","videoDate\2023-11-17\20231117_141932.mp4","17-11-2023 14:19:32","Friday","sore"
"738","videoDate\2023-11-17\20231117_135511.mp4","17-11-2023 13:55:11","Friday","siang"
"635","videoDate\2023-11-17\20231117_124200.mp4","17-11-2023 12:42:00","Friday","siang"
"877","videoDate\2023-11-17\20231117_115104.mp4","17-11-2023 11:51:04","Friday","siang"
"224","videoDate\2023-11-17\20231117_113206.mp4","17-11-2023 11:32:06","Friday","siang"
"704","videoDate\2023-11-17\20231117_112049.mp4","17-11-2023 11:20:49","Friday","siang"
"757","videoDate\2023-11-17\20231117_100914.mp4","17-11-2023 10:09:14","Friday","siang"
"786","videoDate\2023-11-17\20231117_085539.mp4","17-11-2023 08:55:39","Friday","pagi"
"710","videoDate\2023-11-17\20231117_074854.mp4","17-11-2023 07:48:54","Friday","pagi"
"791","videoDate\2023-11-17\20231117_072428.mp4","17-11-2023 07:24:28","Friday","pagi"
"419","videoDate\2023-11-16\20231116_175348.mp4","16-11-2023 17:53:48","Thursday","sore"
"651","videoDate\2023-11-16\20231116_174844.mp4","16-11-2023 17:48:44","Thursday","sore"
"417","videoDate\2023-11-16\20231116_170101.mp4","16-11-2023 17:01:01","Thursday","sore"
"935","videoDate\2023-11-16\20231116_162256.mp4","16-11-2023 16:22:56","Thursday","sore"
"638","videoDate\2023-11-16\20231116_151746.mp4","16-11-2023 15:17:46","Thursday","sore"
"141","videoDate\2023-11-16\20231116_135941.mp4","16-11-2023 13:59:41","Thursday","siang"
"997","videoDate\2023-11-16\20231116_134546.mp4","16-11-2023 13:45:46","Thursday","siang"
"560","videoDate\2023-11-16\20231116_130216.mp4","16-11-2023 13:02:16","Thursday","siang"
"154","videoDate\2023-11-16\20231116_120429.mp4","16-11-2023 12:04:29","Thursday","siang"
"747","videoDate\2023-11-16\20231116_120132.mp4","16-11-2023 12:01:32","Thursday","siang"
"434","videoDate\2023-11-16\20231116_113518.mp4","16-11-2023 11:35:18","Thursday","siang"
"443","videoDate\2023-11-16\20231116_094057.mp4","16-11-2023 09:40:57","Thursday","pagi"
"921","videoDate\2023-11-16\20231116_090653.mp4","16-11-2023 09:06:53","Thursday","pagi"
"161","videoDate\2023-11-16\20231116_083806.mp4","16-11-2023 08:38:06","Thursday","pagi"
"998","videoDate\2023-11-16\20231116_073438.mp4","16-11-2023 07:34:38","Thursday","pagi"
"743","videoDate\2023-11-16\20231116_071352.mp4","16-11-2023 07:13:52","Thursday","pagi"
"717","videoDate\2023-11-16\20231116_071122.mp4","16-11-2023 07:11:22","Thursday","pagi"
"67","videoDate\2023-11-16\20231116_070350.mp4","16-11-2023 07:03:50","Thursday","pagi"
"367","videoDate\2023-11-15\20231115_172959.mp4","15-11-2023 17:29:59","Wednesday","sore"
"545","videoDate\2023-11-15\20231115_161647.mp4","15-11-2023 16:16:47","Wednesday","sore"
"972","videoDate\2023-11-15\20231115_161633.mp4","15-11-2023 16:16:33","Wednesday","sore"
"319","videoDate\2023-11-15\20231115_155703.mp4","15-11-2023 15:57:03","Wednesday","sore"
"325","videoDate\2023-11-15\20231115_155458.mp4","15-11-2023 15:54:58","Wednesday","sore"
"405","videoDate\2023-11-15\20231115_151448.mp4","15-11-2023 15:14:48","Wednesday","sore"
"881","videoDate\2023-11-15\20231115_150209.mp4","15-11-2023 15:02:09","Wednesday","sore"
"576","videoDate\2023-11-15\20231115_145705.mp4","15-11-2023 14:57:05","Wednesday","sore"
"430","videoDate\2023-11-15\20231115_143756.mp4","15-11-2023 14:37:56","Wednesday","sore"
"219","videoDate\2023-11-15\20231115_142600.mp4","15-11-2023 14:26:00","Wednesday","sore"
"388","videoDate\2023-11-15\20231115_133945.mp4","15-11-2023 13:39:45","Wednesday","siang"
"555","videoDate\2023-11-15\20231115_103232.mp4","15-11-2023 10:32:32","Wednesday","siang"
"361","videoDate\2023-11-15\20231115_091957.mp4","15-11-2023 09:19:57","Wednesday","pagi"
"299","videoDate\2023-11-15\20231115_084838.mp4","15-11-2023 08:48:38","Wednesday","pagi"
"678","videoDate\2023-11-15\20231115_084056.mp4","15-11-2023 08:40:56","Wednesday","pagi"
"558","videoDate\2023-11-15\20231115_082019.mp4","15-11-2023 08:20:19","Wednesday","pagi"
"719","videoDate\2023-11-15\20231115_081753.mp4","15-11-2023 08:17:53","Wednesday","pagi"
"413","videoDate\2023-11-15\20231115_080137.mp4","15-11-2023 08:01:37","Wednesday","pagi"
"625","videoDate\2023-11-15\20231115_075010.mp4","15-11-2023 07:50:10","Wednesday","pagi"
"184","videoDate\2023-11-15\20231115_074512.mp4","15-11-2023 07:45:12","Wednesday","pagi"
"677","videoDate\2023-11-15\20231115_073248.mp4","15-11-2023 07:32:48","Wednesday","pagi"
"864","videoDate\2023-11-14\20231114_171611.mp4","14-11-2023 17:16:11","Tuesday","sore"
"599","videoDate\2023-11-14\20231114_170739.mp4","14-11-2023 17:07:39","Tuesday","sore"
"955","videoDate\2023-11-14\20231114_164416.mp4","14-11-2023 16:44:16","Tuesday","sore"
"893","videoDate\2023-11-14\20231114_154719.mp4","14-11-2023 15:47:19","Tuesday","sore"
"254","videoDate\2023-11-14\20231114_142617.mp4","14-11-2023 14:26:17","Tuesday","sore"
"610","videoDate\2023-11-14\20231114_133711.mp4","14-11-2023 13:37:11","Tuesday","siang"
"7","videoDate\2023-11-14\20231114_132305.mp4","14-11-2023 13:23:05","Tuesday","siang"
"924","videoDate\2023-11-14\20231114_131419.mp4","14-11-2023 13:14:19","Tuesday","siang"
"954","videoDate\2023-11-14\20231114_120831.mp4","14-11-2023 12:08:31","Tuesday","siang"
"371","videoDate\2023-11-14\20231114_120411.mp4","14-11-2023 12:04:11","Tuesday","siang"
"53","videoDate\2023-11-14\20231114_111832.mp4","14-11-2023 11:18:32","Tuesday","siang"
"61","videoDate\2023-11-14\20231114_090142.mp4","14-11-2023 09:01:42","Tuesday","pagi"
"10","videoDate\2023-11-13\20231113_172858.mp4","13-11-2023 17:28:58","Monday","sore"
"721","videoDate\2023-11-13\20231113_172657.mp4","13-11-2023 17:26:57","Monday","sore"
"65","videoDate\2023-11-13\20231113_161113.mp4","13-11-2023 16:11:13","Monday","sore"
"876","videoDate\2023-11-13\20231113_154845.mp4","13-11-2023 15:48:45","Monday","sore"
"989","videoDate\2023-11-13\20231113_154237.mp4","13-11-2023 15:42:37","Monday","sore"
"351","videoDate\2023-11-13\20231113_151414.mp4","13-11-2023 15:14:14","Monday","sore"
"444","videoDate\2023-11-13\20231113_135954.mp4","13-11-2023 13:59:54","Monday","siang"
"58","videoDate\2023-11-13\20231113_135102.mp4","13-11-2023 13:51:02","Monday","siang"
"46","videoDate\2023-11-13\20231113_132931.mp4","13-11-2023 13:29:31","Monday","siang"
"392","videoDate\2023-11-13\20231113_132008.mp4","13-11-2023 13:20:08","Monday","siang"
"24","videoDate\2023-11-13\20231113_105136.mp4","13-11-2023 10:51:36","Monday","siang"
"725","videoDate\2023-11-13\20231113_104640.mp4","13-11-2023 10:46:40","Monday","siang"
"952","videoDate\2023-11-13\20231113_083401.mp4","13-11-2023 08:34:01","Monday","pagi"
"313","videoDate\2023-11-13\20231113_073644.mp4","13-11-2023 07:36:44","Monday","pagi"
"596","videoDate\2023-11-13\20231113_072357.mp4","13-11-2023 07:23:57","Monday","pagi"
"321","videoDate\2023-11-12\20231112_174856.mp4","12-11-2023 17:48:56","Sunday","sore"
"720","videoDate\2023-11-12\20231112_172146.mp4","12-11-2023 17:21:46","Sunday","sore"
"52","videoDate\2023-11-12\20231112_155322.mp4","12-11-2023 15:53:22","Sunday","sore"
"135","videoDate\2023-11-12\20231112_152003.mp4","12-11-2023 15:20:03","Sunday","sore"
"692","videoDate\2023-11-12\20231112_140223.mp4","12-11-2023 14:02:23","Sunday","sore"
"520","videoDate\2023-11-12\20231112_140132.mp4","12-11-2023 14:01:32","Sunday","sore"
"382","videoDate\2023-11-12\20231112_124034.mp4","12-11-2023 12:40:34","Sunday","siang"
"604","videoDate\2023-11-12\20231112_122119.mp4","12-11-2023 12:21:19","Sunday","siang"
"649","videoDate\2023-11-12\20231112_105550.mp4","12-11-2023 10:55:50","Sunday","siang"
"13","videoDate\2023-11-12\20231112_104505.mp4","12-11-2023 10:45:05","Sunday","siang"
"612","videoDate\2023-11-12\20231112_101556.mp4","12-11-2023 10:15:56","Sunday","siang"
"270","videoDate\2023-11-12\20231112_085717.mp4","12-11-2023 08:57:17","Sunday","pagi"
"383","videoDate\2023-11-12\20231112_085704.mp4","12-11-2023 08:57:04","Sunday","pagi"
"901","videoDate\2023-11-12\20231112_084843.mp4","12-11-2023 08:48:43","Sunday","pagi"
"445","videoDate\2023-11-12\20231112_084523.mp4","12-11-2023 08:45:23","Sunday","pagi"
"89","videoDate\2023-11-12\20231112_075903.mp4","12-11-2023 07:59:03","Sunday","pagi"
"736","videoDate\2023-11-11\20231111_173143.mp4","11-11-2023 17:31:43","Saturday","sore"
"569","videoDate\2023-11-11\20231111_172212.mp4","11-11-2023 17:22:12","Saturday","sore"
"848","videoDate\2023-11-11\20231111_164950.mp4","11-11-2023 16:49:50","Saturday","sore"
"331","videoDate\2023-11-11\20231111_163341.mp4","11-11-2023 16:33:41","Saturday","sore"
"30","videoDate\2023-11-11\20231111_155400.mp4","11-11-2023 15:54:00","Saturday","sore"
"861","videoDate\2023-11-11\20231111_155303.mp4","11-11-2023 15:53:03","Saturday","sore"
"416","videoDate\2023-11-11\20231111_154313.mp4","11-11-2023 15:43:13","Saturday","sore"
"641","videoDate\2023-11-11\20231111_132845.mp4","11-11-2023 13:28:45","Saturday","siang"
"589","videoDate\2023-11-11\20231111_130730.mp4","11-11-2023 13:07:30","Saturday","siang"
"858","videoDate\2023-11-11\20231111_125205.mp4","11-11-2023 12:52:05","Saturday","siang"
"18","videoDate\2023-11-11\20231111_101407.mp4","11-11-2023 10:14:07","Saturday","siang"
"235","videoDate\2023-11-11\20231111_100414.mp4","11-11-2023 10:04:14","Saturday","siang"
"966","videoDate\2023-11-11\20231111_085301.mp4","11-11-2023 08:53:01","Saturday","pagi"
"780","videoDate\2023-11-11\20231111_082758.mp4","11-11-2023 08:27:58","Saturday","pagi"
"163","videoDate\2023-11-10\20231110_165923.mp4","10-11-2023 16:59:23","Friday","sore"
"728","videoDate\2023-11-10\20231110_164159.mp4","10-11-2023 16:41:59","Friday","sore"
"42","videoDate\2023-11-10\20231110_160331.mp4","10-11-2023 16:03:31","Friday","sore"
"836","videoDate\2023-11-10\20231110_151611.mp4","10-11-2023 15:16:11","Friday","sore"
"603","videoDate\2023-11-10\20231110_130612.mp4","10-11-2023 13:06:12","Friday","siang"
"391","videoDate\2023-11-10\20231110_123628.mp4","10-11-2023 12:36:28","Friday","siang"
"258","videoDate\2023-11-10\20231110_122427.mp4","10-11-2023 12:24:27","Friday","siang"
"563","videoDate\2023-11-10\20231110_095230.mp4","10-11-2023 09:52:30","Friday","pagi"
"573","videoDate\2023-11-10\20231110_095028.mp4","10-11-2023 09:50:28","Friday","pagi"
"978","videoDate\2023-11-10\20231110_094349.mp4","10-11-2023 09:43:49","Friday","pagi"
"458","videoDate\2023-11-10\20231110_090238.mp4","10-11-2023 09:02:38","Friday","pagi"
"195","videoDate\2023-11-10\20231110_083258.mp4","10-11-2023 08:32:58","Friday","pagi"
"582","videoDate\2023-11-10\20231110_073151.mp4","10-11-2023 07:31:51","Friday","pagi"
"675","videoDate\2023-10-30\20231030_164253.mp4","30-10-2023 16:42:53","Monday","sore"
"962","videoDate\2023-10-30\20231030_144907.mp4","30-10-2023 14:49:07","Monday","sore"
"792","videoDate\2023-10-30\20231030_130747.mp4","30-10-2023 13:07:47","Monday","siang"
"302","videoDate\2023-10-30\20231030_113414.mp4","30-10-2023 11:34:14","Monday","siang"
"983","videoDate\2023-10-30\20231030_110700.mp4","30-10-2023 11:07:00","Monday","siang"
"108","videoDate\2023-10-30\20231030_105644.mp4","30-10-2023 10:56:44","Monday","siang"
"372","videoDate\2023-10-30\20231030_101835.mp4","30-10-2023 10:18:35","Monday","siang"
"59","videoDate\2023-10-30\20231030_100912.mp4","30-10-2023 10:09:12","Monday","siang"
"600","videoDate\2023-10-30\20231030_093421.mp4","30-10-2023 09:34:21","Monday","pagi"
"687","videoDate\2023-10-30\20231030_081133.mp4","30-10-2023 08:11:33","Monday","pagi"
"578","videoDate\2023-10-30\20231030_075151.mp4","30-10-2023 07:51:51","Monday","pagi"
"284","videoDate\2023-10-30\20231030_074436.mp4","30-10-2023 07:44:36","Monday","pagi"
"84","videoDate\2023-10-30\20231030_071856.mp4","30-10-2023 07:18:56","Monday","pagi"
"11","videoDate\2023-10-30\20231030_071406.mp4","30-10-2023 07:14:06","Monday","pagi"
"739","videoDate\2023-10-30\20231030_070302.mp4","30-10-2023 07:03:02","Monday","pagi"
"660","videoDate\2023-10-29\20231029_170538.mp4","29-10-2023 17:05:38","Sunday","sore"
"15","videoDate\2023-10-29\20231029_160052.mp4","29-10-2023 16:00:52","Sunday","sore"
"967","videoDate\2023-10-29\20231029_155407.mp4","29-10-2023 15:54:07","Sunday","sore"
"160","videoDate\2023-10-29\20231029_155226.mp4","29-10-2023 15:52:26","Sunday","sore"
"308","videoDate\2023-10-29\20231029_151232.mp4","29-10-2023 15:12:32","Sunday","sore"
"54","videoDate\2023-10-29\20231029_143941.mp4","29-10-2023 14:39:41","Sunday","sore"
"798","videoDate\2023-10-29\20231029_135017.mp4","29-10-2023 13:50:17","Sunday","siang"
"390","videoDate\2023-10-29\20231029_134553.mp4","29-10-2023 13:45:53","Sunday","siang"
"580","videoDate\2023-10-29\20231029_131142.mp4","29-10-2023 13:11:42","Sunday","siang"
"456","videoDate\2023-10-29\20231029_124732.mp4","29-10-2023 12:47:32","Sunday","siang"
"463","videoDate\2023-10-29\20231029_113932.mp4","29-10-2023 11:39:32","Sunday","siang"
"226","videoDate\2023-10-29\20231029_113645.mp4","29-10-2023 11:36:45","Sunday","siang"
"492","videoDate\2023-10-29\20231029_110412.mp4","29-10-2023 11:04:12","Sunday","siang"
"782","videoDate\2023-10-29\20231029_085156.mp4","29-10-2023 08:51:56","Sunday","pagi"
"384","videoDate\2023-10-29\20231029_074843.mp4","29-10-2023 07:48:43","Sunday","pagi"
"157","videoDate\2023-10-29\20231029_071827.mp4","29-10-2023 07:18:27","Sunday","pagi"
"616","videoDate\2023-10-28\20231028_165827.mp4","28-10-2023 16:58:27","Saturday","sore"
"447","videoDate\2023-10-28\20231028_162543.mp4","28-10-2023 16:25:43","Saturday","sore"
"986","videoDate\2023-10-28\20231028_154146.mp4","28-10-2023 15:41:46","Saturday","sore"
"368","videoDate\2023-10-28\20231028_153830.mp4","28-10-2023 15:38:30","Saturday","sore"
"271","videoDate\2023-10-28\20231028_151921.mp4","28-10-2023 15:19:21","Saturday","sore"
"35","videoDate\2023-10-28\20231028_140113.mp4","28-10-2023 14:01:13","Saturday","sore"
"837","videoDate\2023-10-28\20231028_133327.mp4","28-10-2023 13:33:27","Saturday","siang"
"76","videoDate\2023-10-28\20231028_133319.mp4","28-10-2023 13:33:19","Saturday","siang"
"418","videoDate\2023-10-28\20231028_112159.mp4","28-10-2023 11:21:59","Saturday","siang"
"276","videoDate\2023-10-28\20231028_111346.mp4","28-10-2023 11:13:46","Saturday","siang"
"716","videoDate\2023-10-28\20231028_110339.mp4","28-10-2023 11:03:39","Saturday","siang"
"824","videoDate\2023-10-28\20231028_102047.mp4","28-10-2023 10:20:47","Saturday","siang"
"515","videoDate\2023-10-28\20231028_101751.mp4","28-10-2023 10:17:51","Saturday","siang"
"78","videoDate\2023-10-28\20231028_095551.mp4","28-10-2023 09:55:51","Saturday","pagi"
"865","videoDate\2023-10-28\20231028_071419.mp4","28-10-2023 07:14:19","Saturday","pagi"
"528","videoDate\2023-10-27\20231027_175409.mp4","27-10-2023 17:54:09","Friday","sore"
"870","videoDate\2023-10-27\20231027_174952.mp4","27-10-2023 17:49:52","Friday","sore"
"874","videoDate\2023-10-27\20231027_171739.mp4","27-10-2023 17:17:39","Friday","sore"
"731","videoDate\2023-10-27\20231027_121208.mp4","27-10-2023 12:12:08","Friday","siang"
"505","videoDate\2023-10-27\20231027_115130.mp4","27-10-2023 11:51:30","Friday","siang"
"800","videoDate\2023-10-27\20231027_112927.mp4","27-10-2023 11:29:27","Friday","siang"
"752","videoDate\2023-10-27\20231027_111932.mp4","27-10-2023 11:19:32","Friday","siang"
"128","videoDate\2023-10-27\20231027_105615.mp4","27-10-2023 10:56:15","Friday","siang"
"179","videoDate\2023-10-27\20231027_103208.mp4","27-10-2023 10:32:08","Friday","siang"
"424","videoDate\2023-10-27\20231027_091121.mp4","27-10-2023 09:11:21","Friday","pagi"
"825","videoDate\2023-10-27\20231027_080802.mp4","27-10-2023 08:08:02","Friday","pagi"
"102","videoDate\2023-10-27\20231027_080416.mp4","27-10-2023 08:04:16","Friday","pagi"
"464","videoDate\2023-10-27\20231027_075647.mp4","27-10-2023 07:56:47","Friday","pagi"
"171","videoDate\2023-10-26\20231026_174120.mp4","26-10-2023 17:41:20","Thursday","sore"
"740","videoDate\2023-10-26\20231026_164442.mp4","26-10-2023 16:44:42","Thursday","sore"
"119","videoDate\2023-10-26\20231026_153357.mp4","26-10-2023 15:33:57","Thursday","sore"
"767","videoDate\2023-10-26\20231026_145210.mp4","26-10-2023 14:52:10","Thursday","sore"
"711","videoDate\2023-10-26\20231026_144412.mp4","26-10-2023 14:44:12","Thursday","sore"
"959","videoDate\2023-10-26\20231026_125850.mp4","26-10-2023 12:58:50","Thursday","siang"
"928","videoDate\2023-10-26\20231026_125555.mp4","26-10-2023 12:55:55","Thursday","siang"
"783","videoDate\2023-10-26\20231026_122030.mp4","26-10-2023 12:20:30","Thursday","siang"
"253","videoDate\2023-10-26\20231026_121005.mp4","26-10-2023 12:10:05","Thursday","siang"
"535","videoDate\2023-10-26\20231026_105513.mp4","26-10-2023 10:55:13","Thursday","siang"
"807","videoDate\2023-10-26\20231026_092150.mp4","26-10-2023 09:21:50","Thursday","pagi"
"794","videoDate\2023-10-26\20231026_084746.mp4","26-10-2023 08:47:46","Thursday","pagi"
"903","videoDate\2023-10-26\20231026_072753.mp4","26-10-2023 07:27:53","Thursday","pagi"
"640","videoDate\2023-10-26\20231026_072629.mp4","26-10-2023 07:26:29","Thursday","pagi"
"542","videoDate\2023-10-25\20231025_170306.mp4","25-10-2023 17:03:06","Wednesday","sore"
"364","videoDate\2023-10-25\20231025_160723.mp4","25-10-2023 16:07:23","Wednesday","sore"
"969","videoDate\2023-10-25\20231025_155225.mp4","25-10-2023 15:52:25","Wednesday","sore"
"137","videoDate\2023-10-25\20231025_134231.mp4","25-10-2023 13:42:31","Wednesday","siang"
"113","videoDate\2023-10-25\20231025_132541.mp4","25-10-2023 13:25:41","Wednesday","siang"
"491","videoDate\2023-10-25\20231025_104132.mp4","25-10-2023 10:41:32","Wednesday","siang"
"915","videoDate\2023-10-25\20231025_103559.mp4","25-10-2023 10:35:59","Wednesday","siang"
"199","videoDate\2023-10-25\20231025_103019.mp4","25-10-2023 10:30:19","Wednesday","siang"
"502","videoDate\2023-10-25\20231025_101502.mp4","25-10-2023 10:15:02","Wednesday","siang"
"39","videoDate\2023-10-25\20231025_091110.mp4","25-10-2023 09:11:10","Wednesday","pagi"
"44","videoDate\2023-10-25\20231025_083610.mp4","25-10-2023 08:36:10","Wednesday","pagi"
"203","videoDate\2023-10-25\20231025_080317.mp4","25-10-2023 08:03:17","Wednesday","pagi"
"168","videoDate\2023-10-25\20231025_073639.mp4","25-10-2023 07:36:39","Wednesday","pagi"
"685","videoDate\2023-10-25\20231025_073518.mp4","25-10-2023 07:35:18","Wednesday","pagi"
"855","videoDate\2023-10-24\20231024_172302.mp4","24-10-2023 17:23:02","Tuesday","sore"
"366","videoDate\2023-10-24\20231024_165201.mp4","24-10-2023 16:52:01","Tuesday","sore"
"744","videoDate\2023-10-24\20231024_162518.mp4","24-10-2023 16:25:18","Tuesday","sore"
"532","videoDate\2023-10-24\20231024_161944.mp4","24-10-2023 16:19:44","Tuesday","sore"
"236","videoDate\2023-10-24\20231024_153619.mp4","24-10-2023 15:36:19","Tuesday","sore"
"944","videoDate\2023-10-24\20231024_153607.mp4","24-10-2023 15:36:07","Tuesday","sore"
"658","videoDate\2023-10-24\20231024_150854.mp4","24-10-2023 15:08:54","Tuesday","sore"
"164","videoDate\2023-10-24\20231024_135000.mp4","24-10-2023 13:50:00","Tuesday","siang"
"106","videoDate\2023-10-24\20231024_134621.mp4","24-10-2023 13:46:21","Tuesday","siang"
"314","videoDate\2023-10-24\20231024_110823.mp4","24-10-2023 11:08:23","Tuesday","siang"
"180","videoDate\2023-10-24\20231024_110312.mp4","24-10-2023 11:03:12","Tuesday","siang"
"147","videoDate\2023-10-24\20231024_100736.mp4","24-10-2023 10:07:36","Tuesday","siang"
"215","videoDate\2023-10-24\20231024_095941.mp4","24-10-2023 09:59:41","Tuesday","pagi"
"334","videoDate\2023-10-24\20231024_095807.mp4","24-10-2023 09:58:07","Tuesday","pagi"
"227","videoDate\2023-10-24\20231024_095322.mp4","24-10-2023 09:53:22","Tuesday","pagi"
"155","videoDate\2023-10-24\20231024_091447.mp4","24-10-2023 09:14:47","Tuesday","pagi"
"1","videoDate\2023-10-24\20231024_090553.mp4","24-10-2023 09:05:53","Tuesday","pagi"
"917","videoDate\2023-10-24\20231024_073548.mp4","24-10-2023 07:35:48","Tuesday","pagi"
"761","videoDate\2023-10-24\20231024_070523.mp4","24-10-2023 07:05:23","Tuesday","pagi"
"469","videoDate\2023-10-23\20231023_174012.mp4","23-10-2023 17:40:12","Monday","sore"
"389","videoDate\2023-10-23\20231023_173227.mp4","23-10-2023 17:32:27","Monday","sore"
"904","videoDate\2023-10-23\20231023_165827.mp4","23-10-2023 16:58:27","Monday","sore"
"550","videoDate\2023-10-23\20231023_145755.mp4","23-10-2023 14:57:55","Monday","sore"
"617","videoDate\2023-10-23\20231023_144156.mp4","23-10-2023 14:41:56","Monday","sore"
"465","videoDate\2023-10-23\20231023_142106.mp4","23-10-2023 14:21:06","Monday","sore"
"905","videoDate\2023-10-23\20231023_140842.mp4","23-10-2023 14:08:42","Monday","sore"
"287","videoDate\2023-10-23\20231023_135744.mp4","23-10-2023 13:57:44","Monday","siang"
"129","videoDate\2023-10-23\20231023_133623.mp4","23-10-2023 13:36:23","Monday","siang"
"220","videoDate\2023-10-23\20231023_123006.mp4","23-10-2023 12:30:06","Monday","siang"
"799","videoDate\2023-10-23\20231023_121340.mp4","23-10-2023 12:13:40","Monday","siang"
"501","videoDate\2023-10-23\20231023_115826.mp4","23-10-2023 11:58:26","Monday","siang"
"785","videoDate\2023-10-23\20231023_105248.mp4","23-10-2023 10:52:48","Monday","siang"
"244","videoDate\2023-10-23\20231023_103318.mp4","23-10-2023 10:33:18","Monday","siang"
"568","videoDate\2023-10-23\20231023_094204.mp4","23-10-2023 09:42:04","Monday","pagi"
"503","videoDate\2023-10-23\20231023_081710.mp4","23-10-2023 08:17:10","Monday","pagi"
"114","videoDate\2023-10-23\20231023_070823.mp4","23-10-2023 07:08:23","Monday","pagi"
"33","videoDate\2023-10-22\20231022_174557.mp4","22-10-2023 17:45:57","Sunday","sore"
"763","videoDate\2023-10-22\20231022_173653.mp4","22-10-2023 17:36:53","Sunday","sore"
"771","videoDate\2023-10-22\20231022_153144.mp4","22-10-2023 15:31:44","Sunday","sore"
"453","videoDate\2023-10-22\20231022_133214.mp4","22-10-2023 13:32:14","Sunday","siang"
"387","videoDate\2023-10-22\20231022_131002.mp4","22-10-2023 13:10:02","Sunday","siang"
"608","videoDate\2023-10-22\20231022_115608.mp4","22-10-2023 11:56:08","Sunday","siang"
"291","videoDate\2023-10-22\20231022_111615.mp4","22-10-2023 11:16:15","Sunday","siang"
"182","videoDate\2023-10-22\20231022_103030.mp4","22-10-2023 10:30:30","Sunday","siang"
"686","videoDate\2023-10-22\20231022_095414.mp4","22-10-2023 09:54:14","Sunday","pagi"
"741","videoDate\2023-10-22\20231022_080847.mp4","22-10-2023 08:08:47","Sunday","pagi"
"100","videoDate\2023-10-22\20231022_072531.mp4","22-10-2023 07:25:31","Sunday","pagi"
"571","videoDate\2023-10-22\20231022_071241.mp4","22-10-2023 07:12:41","Sunday","pagi"
"489","videoDate\2023-10-22\20231022_070425.mp4","22-10-2023 07:04:25","Sunday","pagi"
"643","videoDate\2023-10-21\20231021_175404.mp4","21-10-2023 17:54:04","Saturday","sore"
"544","videoDate\2023-10-21\20231021_174617.mp4","21-10-2023 17:46:17","Saturday","sore"
"246","videoDate\2023-10-21\20231021_161033.mp4","21-10-2023 16:10:33","Saturday","sore"
"248","videoDate\2023-10-21\20231021_154147.mp4","21-10-2023 15:41:47","Saturday","sore"
"234","videoDate\2023-10-21\20231021_132844.mp4","21-10-2023 13:28:44","Saturday","siang"
"654","videoDate\2023-10-21\20231021_125413.mp4","21-10-2023 12:54:13","Saturday","siang"
"729","videoDate\2023-10-21\20231021_125026.mp4","21-10-2023 12:50:26","Saturday","siang"
"303","videoDate\2023-10-21\20231021_121310.mp4","21-10-2023 12:13:10","Saturday","siang"
"766","videoDate\2023-10-21\20231021_121020.mp4","21-10-2023 12:10:20","Saturday","siang"
"423","videoDate\2023-10-21\20231021_115244.mp4","21-10-2023 11:52:44","Saturday","siang"
"493","videoDate\2023-10-21\20231021_112345.mp4","21-10-2023 11:23:45","Saturday","siang"
"715","videoDate\2023-10-21\20231021_111031.mp4","21-10-2023 11:10:31","Saturday","siang"
"5","videoDate\2023-10-21\20231021_105109.mp4","21-10-2023 10:51:09","Saturday","siang"
"674","videoDate\2023-10-21\20231021_101447.mp4","21-10-2023 10:14:47","Saturday","siang"
"543","videoDate\2023-10-21\20231021_090905.mp4","21-10-2023 09:09:05","Saturday","pagi"
"561","videoDate\2023-10-21\20231021_090824.mp4","21-10-2023 09:08:24","Saturday","pagi"
"724","videoDate\2023-10-21\20231021_082739.mp4","21-10-2023 08:27:39","Saturday","pagi"
"828","videoDate\2023-10-20\20231020_154219.mp4","20-10-2023 15:42:19","Friday","sore"
"882","videoDate\2023-10-20\20231020_150709.mp4","20-10-2023 15:07:09","Friday","sore"
"425","videoDate\2023-10-20\20231020_142907.mp4","20-10-2023 14:29:07","Friday","sore"
"480","videoDate\2023-10-20\20231020_141805.mp4","20-10-2023 14:18:05","Friday","sore"
"156","videoDate\2023-10-20\20231020_132640.mp4","20-10-2023 13:26:40","Friday","siang"
"956","videoDate\2023-10-20\20231020_112813.mp4","20-10-2023 11:28:13","Friday","siang"
"436","videoDate\2023-10-20\20231020_110507.mp4","20-10-2023 11:05:07","Friday","siang"
"688","videoDate\2023-10-20\20231020_104539.mp4","20-10-2023 10:45:39","Friday","siang"
"173","videoDate\2023-10-20\20231020_083806.mp4","20-10-2023 08:38:06","Friday","pagi"
"854","videoDate\2023-10-19\20231019_162628.mp4","19-10-2023 16:26:28","Thursday","sore"
"554","videoDate\2023-10-19\20231019_140245.mp4","19-10-2023 14:02:45","Thursday","sore"
"751","videoDate\2023-10-19\20231019_130024.mp4","19-10-2023 13:00:24","Thursday","siang"
"214","videoDate\2023-10-19\20231019_103231.mp4","19-10-2023 10:32:31","Thursday","siang"
"117","videoDate\2023-10-19\20231019_102945.mp4","19-10-2023 10:29:45","Thursday","siang"
"537","videoDate\2023-10-19\20231019_101958.mp4","19-10-2023 10:19:58","Thursday","siang"
"498","videoDate\2023-10-19\20231019_100244.mp4","19-10-2023 10:02:44","Thursday","siang"
"143","videoDate\2023-10-19\20231019_094828.mp4","19-10-2023 09:48:28","Thursday","pagi"
"896","videoDate\2023-10-19\20231019_092211.mp4","19-10-2023 09:22:11","Thursday","pagi"
"74","videoDate\2023-10-19\20231019_092048.mp4","19-10-2023 09:20:48","Thursday","pagi"
"344","videoDate\2023-10-19\20231019_085019.mp4","19-10-2023 08:50:19","Thursday","pagi"
"988","videoDate\2023-10-19\20231019_084930.mp4","19-10-2023 08:49:30","Thursday","pagi"
"920","videoDate\2023-10-19\20231019_084721.mp4","19-10-2023 08:47:21","Thursday","pagi"
"317","videoDate\2023-10-19\20231019_083508.mp4","19-10-2023 08:35:08","Thursday","pagi"
"808","videoDate\2023-10-19\20231019_075820.mp4","19-10-2023 07:58:20","Thursday","pagi"
"158","videoDate\2023-10-19\20231019_075331.mp4","19-10-2023 07:53:31","Thursday","pagi"
"34","videoDate\2023-10-19\20231019_073949.mp4","19-10-2023 07:39:49","Thursday","pagi"
"793","videoDate\2023-10-18\20231018_174130.mp4","18-10-2023 17:41:30","Wednesday","sore"
"624","videoDate\2023-10-18\20231018_165244.mp4","18-10-2023 16:52:44","Wednesday","sore"
"398","videoDate\2023-10-18\20231018_161629.mp4","18-10-2023 16:16:29","Wednesday","sore"
"300","videoDate\2023-10-18\20231018_143744.mp4","18-10-2023 14:37:44","Wednesday","sore"
"427","videoDate\2023-10-18\20231018_143248.mp4","18-10-2023 14:32:48","Wednesday","sore"
"546","videoDate\2023-10-18\20231018_131528.mp4","18-10-2023 13:15:28","Wednesday","siang"
"894","videoDate\2023-10-18\20231018_124841.mp4","18-10-2023 12:48:41","Wednesday","siang"
"459","videoDate\2023-10-18\20231018_120927.mp4","18-10-2023 12:09:27","Wednesday","siang"
"891","videoDate\2023-10-18\20231018_112054.mp4","18-10-2023 11:20:54","Wednesday","siang"
"957","videoDate\2023-10-18\20231018_110247.mp4","18-10-2023 11:02:47","Wednesday","siang"
"105","videoDate\2023-10-18\20231018_105503.mp4","18-10-2023 10:55:03","Wednesday","siang"
"510","videoDate\2023-10-18\20231018_104729.mp4","18-10-2023 10:47:29","Wednesday","siang"
"283","videoDate\2023-10-18\20231018_102618.mp4","18-10-2023 10:26:18","Wednesday","siang"
"183","videoDate\2023-10-18\20231018_090738.mp4","18-10-2023 09:07:38","Wednesday","pagi"
"395","videoDate\2023-10-17\20231017_174216.mp4","17-10-2023 17:42:16","Tuesday","sore"
"796","videoDate\2023-10-17\20231017_165739.mp4","17-10-2023 16:57:39","Tuesday","sore"
"592","videoDate\2023-10-17\20231017_140845.mp4","17-10-2023 14:08:45","Tuesday","sore"
"829","videoDate\2023-10-17\20231017_133824.mp4","17-10-2023 13:38:24","Tuesday","siang"
"774","videoDate\2023-10-17\20231017_131236.mp4","17-10-2023 13:12:36","Tuesday","siang"
"529","videoDate\2023-10-17\20231017_130552.mp4","17-10-2023 13:05:52","Tuesday","siang"
"856","videoDate\2023-10-17\20231017_130006.mp4","17-10-2023 13:00:06","Tuesday","siang"
"585","videoDate\2023-10-17\20231017_123149.mp4","17-10-2023 12:31:49","Tuesday","siang"
"718","videoDate\2023-10-17\20231017_115720.mp4","17-10-2023 11:57:20","Tuesday","siang"
"507","videoDate\2023-10-17\20231017_114012.mp4","17-10-2023 11:40:12","Tuesday","siang"
"435","videoDate\2023-10-17\20231017_105041.mp4","17-10-2023 10:50:41","Tuesday","siang"
"192","videoDate\2023-10-17\20231017_102146.mp4","17-10-2023 10:21:46","Tuesday","siang"
"482","videoDate\2023-10-17\20231017_100329.mp4","17-10-2023 10:03:29","Tuesday","siang"
"386","videoDate\2023-10-17\20231017_092512.mp4","17-10-2023 09:25:12","Tuesday","pagi"
"514","videoDate\2023-10-17\20231017_082600.mp4","17-10-2023 08:26:00","Tuesday","pagi"
"521","videoDate\2023-10-17\20231017_071211.mp4","17-10-2023 07:12:11","Tuesday","pagi"
"497","videoDate\2023-10-16\20231016_175430.mp4","16-10-2023 17:54:30","Monday","sore"
"466","videoDate\2023-10-16\20231016_170936.mp4","16-10-2023 17:09:36","Monday","sore"
"14","videoDate\2023-10-16\20231016_165947.mp4","16-10-2023 16:59:47","Monday","sore"
"868","videoDate\2023-10-16\20231016_163712.mp4","16-10-2023 16:37:12","Monday","sore"
"572","videoDate\2023-10-16\20231016_151433.mp4","16-10-2023 15:14:33","Monday","sore"
"524","videoDate\2023-10-16\20231016_151155.mp4","16-10-2023 15:11:55","Monday","sore"
"745","videoDate\2023-10-16\20231016_150428.mp4","16-10-2023 15:04:28","Monday","sore"
"553","videoDate\2023-10-16\20231016_142331.mp4","16-10-2023 14:23:31","Monday","sore"
"615","videoDate\2023-10-16\20231016_124240.mp4","16-10-2023 12:42:40","Monday","siang"
"56","videoDate\2023-10-16\20231016_123020.mp4","16-10-2023 12:30:20","Monday","siang"
"770","videoDate\2023-10-16\20231016_121619.mp4","16-10-2023 12:16:19","Monday","siang"
"703","videoDate\2023-10-16\20231016_104550.mp4","16-10-2023 10:45:50","Monday","siang"
"142","videoDate\2023-10-16\20231016_092849.mp4","16-10-2023 09:28:49","Monday","pagi"
"294","videoDate\2023-10-16\20231016_085643.mp4","16-10-2023 08:56:43","Monday","pagi"
"62","videoDate\2023-10-16\20231016_084614.mp4","16-10-2023 08:46:14","Monday","pagi"
"451","videoDate\2023-10-15\20231015_174822.mp4","15-10-2023 17:48:22","Sunday","sore"
"973","videoDate\2023-10-15\20231015_155738.mp4","15-10-2023 15:57:38","Sunday","sore"
"697","videoDate\2023-10-15\20231015_153837.mp4","15-10-2023 15:38:37","Sunday","sore"
"636","videoDate\2023-10-15\20231015_150828.mp4","15-10-2023 15:08:28","Sunday","sore"
"298","videoDate\2023-10-15\20231015_140822.mp4","15-10-2023 14:08:22","Sunday","sore"
"601","videoDate\2023-10-15\20231015_133546.mp4","15-10-2023 13:35:46","Sunday","siang"
"813","videoDate\2023-10-15\20231015_132422.mp4","15-10-2023 13:24:22","Sunday","siang"
"565","videoDate\2023-10-15\20231015_114011.mp4","15-10-2023 11:40:11","Sunday","siang"
"49","videoDate\2023-10-15\20231015_110231.mp4","15-10-2023 11:02:31","Sunday","siang"
"282","videoDate\2023-10-15\20231015_091643.mp4","15-10-2023 09:16:43","Sunday","pagi"
"132","videoDate\2023-10-15\20231015_082451.mp4","15-10-2023 08:24:51","Sunday","pagi"
"933","videoDate\2023-10-15\20231015_081322.mp4","15-10-2023 08:13:22","Sunday","pagi"
"315","videoDate\2023-10-15\20231015_072453.mp4","15-10-2023 07:24:53","Sunday","pagi"
"849","videoDate\2023-10-15\20231015_071413.mp4","15-10-2023 07:14:13","Sunday","pagi"
"241","videoDate\2023-10-14\20231014_145353.mp4","14-10-2023 14:53:53","Saturday","sore"
"691","videoDate\2023-10-14\20231014_144533.mp4","14-10-2023 14:45:33","Saturday","sore"
"708","videoDate\2023-10-14\20231014_133136.mp4","14-10-2023 13:31:36","Saturday","siang"
"345","videoDate\2023-10-14\20231014_083749.mp4","14-10-2023 08:37:49","Saturday","pagi"
"853","videoDate\2023-10-14\20231014_083638.mp4","14-10-2023 08:36:38","Saturday","pagi"
"712","videoDate\2023-10-14\20231014_071058.mp4","14-10-2023 07:10:58","Saturday","pagi"
"292","videoDate\2023-10-14\20231014_070006.mp4","14-10-2023 07:00:06","Saturday","pagi"
"646","videoDate\2023-10-13\20231013_175412.mp4","13-10-2023 17:54:12","Friday","sore"
"238","videoDate\2023-10-13\20231013_174958.mp4","13-10-2023 17:49:58","Friday","sore"
"31","videoDate\2023-10-13\20231013_171657.mp4","13-10-2023 17:16:57","Friday","sore"
"470","videoDate\2023-10-13\20231013_160320.mp4","13-10-2023 16:03:20","Friday","sore"
"230","videoDate\2023-10-13\20231013_151845.mp4","13-10-2023 15:18:45","Friday","sore"
"216","videoDate\2023-10-13\20231013_145607.mp4","13-10-2023 14:56:07","Friday","sore"
"680","videoDate\2023-10-13\20231013_143422.mp4","13-10-2023 14:34:22","Friday","sore"
"450","videoDate\2023-10-13\20231013_140743.mp4","13-10-2023 14:07:43","Friday","sore"
"178","videoDate\2023-10-13\20231013_115403.mp4","13-10-2023 11:54:03","Friday","siang"
"907","videoDate\2023-10-13\20231013_114045.mp4","13-10-2023 11:40:45","Friday","siang"
"437","videoDate\2023-10-13\20231013_110420.mp4","13-10-2023 11:04:20","Friday","siang"
"264","videoDate\2023-10-13\20231013_103638.mp4","13-10-2023 10:36:38","Friday","siang"
"512","videoDate\2023-10-13\20231013_101547.mp4","13-10-2023 10:15:47","Friday","siang"
"41","videoDate\2023-10-13\20231013_101346.mp4","13-10-2023 10:13:46","Friday","siang"
"620","videoDate\2023-10-13\20231013_094347.mp4","13-10-2023 09:43:47","Friday","pagi"
"73","videoDate\2023-10-13\20231013_080950.mp4","13-10-2023 08:09:50","Friday","pagi"
"547","videoDate\2023-10-13\20231013_075124.mp4","13-10-2023 07:51:24","Friday","pagi"
"327","videoDate\2023-10-13\20231013_072434.mp4","13-10-2023 07:24:34","Friday","pagi"
"4","videoDate\2023-10-12\20231012_172209.mp4","12-10-2023 17:22:09","Thursday","sore"
"850","videoDate\2023-10-12\20231012_153224.mp4","12-10-2023 15:32:24","Thursday","sore"
"926","videoDate\2023-10-12\20231012_151244.mp4","12-10-2023 15:12:44","Thursday","sore"
"262","videoDate\2023-10-12\20231012_150746.mp4","12-10-2023 15:07:46","Thursday","sore"
"68","videoDate\2023-10-12\20231012_141311.mp4","12-10-2023 14:13:11","Thursday","sore"
"278","videoDate\2023-10-12\20231012_134134.mp4","12-10-2023 13:41:34","Thursday","siang"
"483","videoDate\2023-10-12\20231012_121058.mp4","12-10-2023 12:10:58","Thursday","siang"
"939","videoDate\2023-10-12\20231012_120557.mp4","12-10-2023 12:05:57","Thursday","siang"
"289","videoDate\2023-10-12\20231012_111937.mp4","12-10-2023 11:19:37","Thursday","siang"
"186","videoDate\2023-10-12\20231012_103753.mp4","12-10-2023 10:37:53","Thursday","siang"
"272","videoDate\2023-10-12\20231012_100139.mp4","12-10-2023 10:01:39","Thursday","siang"
"213","videoDate\2023-10-12\20231012_084958.mp4","12-10-2023 08:49:58","Thursday","pagi"
"286","videoDate\2023-10-12\20231012_084036.mp4","12-10-2023 08:40:36","Thursday","pagi"
"348","videoDate\2023-10-12\20231012_080056.mp4","12-10-2023 08:00:56","Thursday","pagi"
"263","videoDate\2023-10-12\20231012_074523.mp4","12-10-2023 07:45:23","Thursday","pagi"
"995","videoDate\2023-10-12\20231012_072232.mp4","12-10-2023 07:22:32","Thursday","pagi"
"98","videoDate\2023-10-11\20231011_175522.mp4","11-10-2023 17:55:22","Wednesday","sore"
"326","videoDate\2023-10-11\20231011_153301.mp4","11-10-2023 15:33:01","Wednesday","sore"
"354","videoDate\2023-10-11\20231011_152956.mp4","11-10-2023 15:29:56","Wednesday","sore"
"577","videoDate\2023-10-11\20231011_141227.mp4","11-10-2023 14:12:27","Wednesday","sore"
"937","videoDate\2023-10-11\20231011_132946.mp4","11-10-2023 13:29:46","Wednesday","siang"
"727","videoDate\2023-10-11\20231011_132100.mp4","11-10-2023 13:21:00","Wednesday","siang"
"626","videoDate\2023-10-11\20231011_103013.mp4","11-10-2023 10:30:13","Wednesday","siang"
"762","videoDate\2023-10-11\20231011_101615.mp4","11-10-2023 10:16:15","Wednesday","siang"
"538","videoDate\2023-10-11\20231011_085549.mp4","11-10-2023 08:55:49","Wednesday","pagi"
"259","videoDate\2023-10-11\20231011_083958.mp4","11-10-2023 08:39:58","Wednesday","pagi"
"151","videoDate\2023-10-11\20231011_083602.mp4","11-10-2023 08:36:02","Wednesday","pagi"
"347","videoDate\2023-10-11\20231011_080418.mp4","11-10-2023 08:04:18","Wednesday","pagi"
"833","videoDate\2023-10-11\20231011_075538.mp4","11-10-2023 07:55:38","Wednesday","pagi"
"781","videoDate\2023-10-11\20231011_073255.mp4","11-10-2023 07:32:55","Wednesday","pagi"
"581","videoDate\2023-10-11\20231011_071106.mp4","11-10-2023 07:11:06","Wednesday","pagi"
"655","videoDate\2023-10-10\20231010_151720.mp4","10-10-2023 15:17:20","Tuesday","sore"
"622","videoDate\2023-10-10\20231010_143701.mp4","10-10-2023 14:37:01","Tuesday","sore"
"353","videoDate\2023-10-10\20231010_142353.mp4","10-10-2023 14:23:53","Tuesday","sore"
"297","videoDate\2023-10-10\20231010_135242.mp4","10-10-2023 13:52:42","Tuesday","siang"
"455","videoDate\2023-10-10\20231010_124322.mp4","10-10-2023 12:43:22","Tuesday","siang"
"410","videoDate\2023-10-10\20231010_120039.mp4","10-10-2023 12:00:39","Tuesday","siang"
"393","videoDate\2023-10-10\20231010_115947.mp4","10-10-2023 11:59:47","Tuesday","siang"
"647","videoDate\2023-10-10\20231010_115105.mp4","10-10-2023 11:51:05","Tuesday","siang"
"127","videoDate\2023-10-10\20231010_104033.mp4","10-10-2023 10:40:33","Tuesday","siang"
"835","videoDate\2023-10-10\20231010_103849.mp4","10-10-2023 10:38:49","Tuesday","siang"
"90","videoDate\2023-10-10\20231010_075745.mp4","10-10-2023 07:57:45","Tuesday","pagi"
